,32,33,34,35,36,51,52,53,54,55,56,57,58,59,84,85,86,87,88,89,90
1129485608,4.0,0.0,2.0,2.0,3.0,2.0,4.0,4.0,1.0,3.0,2.0,1.0,4.0,3.0,2.0,2.0,4.0,2.0,4.0,3.0,4.0
1128365720,4.0,0.0,2.0,4.0,3.0,3.0,4.0,3.0,2.0,3.0,4.0,4.0,4.0,4.0,3.0,4.0,4.0,4.0,3.0,4.0,3.0
1130262184,4.0,0.0,2.0,4.0,3.0,3.0,4.0,3.0,2.0,3.0,4.0,4.0,4.0,6.0,3.0,4.0,4.0,4.0,3.0,4.0,3.0
1105361160,1.0,0.0,2.0,2.0,4.0,1.0,4.0,2.0,4.0,3.0,2.0,1.0,4.0,3.0,0.0,3.0,4.0,3.0,4.0,3.0,2.0
1124832752,4.0,0.0,2.0,2.0,3.0,2.0,4.0,4.0,1.0,3.0,2.0,1.0,4.0,3.0,2.0,2.0,4.0,2.0,4.0,3.0,4.0
1124748296,4.0,0.0,2.0,2.0,3.0,2.0,4.0,4.0,1.0,3.0,2.0,1.0,4.0,3.0,2.0,2.0,4.0,2.0,4.0,2.0,4.0
1124748048,4.0,0.0,2.0,2.0,3.0,2.0,4.0,4.0,1.0,3.0,2.0,1.0,4.0,3.0,2.0,2.0,4.0,2.0,4.0,2.0,4.0
1132846800,4.0,0.0,2.0,4.0,3.0,3.0,4.0,3.0,2.0,3.0,4.0,4.0,4.0,4.0,3.0,4.0,4.0,4.0,3.0,4.0,3.0
1123885072,4.0,0.0,2.0,2.0,3.0,2.0,4.0,4.0,1.0,3.0,2.0,1.0,4.0,3.0,2.0,2.0,4.0,2.0,4.0,2.0,4.0
1124747688,4.0,0.0,2.0,2.0,3.0,2.0,4.0,4.0,1.0,3.0,2.0,1.0,4.0,3.0,2.0,2.0,4.0,2.0,4.0,2.0,2.0
1105360056,1.0,0.0,2.0,2.0,4.0,1.0,4.0,2.0,4.0,3.0,2.0,1.0,4.0,3.0,0.0,3.0,4.0,3.0,4.0,3.0,2.0
1132847168,4.0,0.0,2.0,4.0,3.0,3.0,4.0,3.0,2.0,3.0,4.0,4.0,4.0,4.0,3.0,4.0,4.0,4.0,3.0,4.0,3.0
1124747560,4.0,0.0,2.0,2.0,3.0,2.0,4.0,4.0,1.0,3.0,2.0,1.0,4.0,3.0,2.0,2.0,4.0,2.0,4.0,2.0,4.0
1124747440,4.0,0.0,2.0,2.0,3.0,2.0,4.0,4.0,1.0,3.0,2.0,1.0,4.0,3.0,2.0,2.0,4.0,1.0,4.0,2.0,4.0
1123971352,4.0,0.0,2.0,2.0,3.0,2.0,4.0,4.0,1.0,3.0,2.0,1.0,4.0,6.0,2.0,2.0,4.0,2.0,4.0,2.0,4.0
1128883072,4.0,0.0,2.0,4.0,3.0,3.0,4.0,3.0,2.0,3.0,4.0,4.0,4.0,4.0,6.0,6.0,6.0,6.0,3.0,4.0,3.0
1105188704,1.0,0.0,2.0,2.0,4.0,2.0,4.0,2.0,4.0,3.0,2.0,1.0,4.0,3.0,0.0,3.0,4.0,3.0,4.0,3.0,2.0
1124057272,4.0,0.0,2.0,2.0,3.0,2.0,4.0,4.0,1.0,3.0,2.0,1.0,4.0,3.0,2.0,2.0,4.0,2.0,4.0,3.0,4.0
1126039656,4.0,0.0,2.0,2.0,3.0,2.0,4.0,4.0,1.0,3.0,2.0,1.0,4.0,3.0,2.0,2.0,4.0,2.0,4.0,2.0,4.0
1128193760,4.0,0.0,2.0,4.0,3.0,3.0,4.0,3.0,2.0,3.0,4.0,4.0,4.0,4.0,3.0,4.0,4.0,4.0,3.0,4.0,3.0
1105533360,1.0,0.0,2.0,2.0,4.0,1.0,4.0,2.0,4.0,3.0,2.0,1.0,4.0,3.0,0.0,3.0,4.0,3.0,4.0,3.0,2.0
1105188096,1.0,0.0,2.0,2.0,4.0,2.0,4.0,2.0,4.0,3.0,2.0,1.0,4.0,3.0,0.0,3.0,4.0,3.0,4.0,3.0,2.0
1125695736,4.0,0.0,2.0,2.0,3.0,2.0,4.0,4.0,1.0,3.0,2.0,1.0,4.0,6.0,2.0,2.0,4.0,2.0,4.0,2.0,4.0
1127247056,4.0,0.0,2.0,2.0,3.0,2.0,4.0,4.0,1.0,3.0,2.0,1.0,4.0,3.0,2.0,2.0,4.0,2.0,4.0,2.0,4.0
1124833480,4.0,0.0,2.0,2.0,3.0,2.0,4.0,4.0,1.0,3.0,2.0,1.0,4.0,3.0,2.0,2.0,4.0,2.0,4.0,2.0,4.0
1124833728,4.0,0.0,2.0,2.0,3.0,2.0,4.0,4.0,1.0,3.0,2.0,1.0,4.0,3.0,2.0,2.0,4.0,2.0,4.0,2.0,4.0
1105533240,1.0,0.0,2.0,2.0,4.0,1.0,4.0,2.0,4.0,3.0,2.0,1.0,4.0,3.0,0.0,3.0,4.0,3.0,4.0,3.0,2.0
1132329088,4.0,0.0,2.0,4.0,3.0,3.0,4.0,3.0,2.0,3.0,4.0,4.0,4.0,4.0,3.0,4.0,4.0,4.0,3.0,4.0,3.0
1132071328,4.0,0.0,2.0,2.0,3.0,2.0,4.0,4.0,1.0,3.0,2.0,1.0,4.0,3.0,2.0,2.0,4.0,1.0,4.0,2.0,4.0
1128625192,4.0,0.0,2.0,2.0,3.0,2.0,4.0,4.0,1.0,3.0,2.0,1.0,4.0,3.0,2.0,2.0,4.0,2.0,4.0,2.0,4.0
1105532752,1.0,0.0,2.0,2.0,4.0,1.0,4.0,2.0,4.0,3.0,2.0,1.0,4.0,3.0,0.0,3.0,4.0,3.0,4.0,3.0,2.0
1132071088,4.0,0.0,2.0,2.0,3.0,2.0,4.0,4.0,1.0,3.0,2.0,1.0,4.0,3.0,2.0,2.0,4.0,2.0,4.0,2.0,4.0
1105532512,1.0,0.0,2.0,2.0,4.0,1.0,4.0,2.0,4.0,3.0,2.0,1.0,4.0,3.0,0.0,2.0,4.0,3.0,4.0,3.0,2.0
1125005080,4.0,0.0,2.0,2.0,3.0,2.0,4.0,4.0,1.0,3.0,2.0,1.0,4.0,3.0,2.0,2.0,4.0,2.0,4.0,3.0,4.0
1105618552,1.0,0.0,2.0,2.0,4.0,1.0,4.0,2.0,4.0,3.0,2.0,1.0,4.0,3.0,0.0,3.0,4.0,3.0,4.0,3.0,2.0
1124834216,4.0,0.0,2.0,2.0,3.0,2.0,4.0,4.0,1.0,3.0,2.0,1.0,4.0,3.0,2.0,2.0,4.0,2.0,4.0,2.0,4.0
1132329816,4.0,0.0,2.0,4.0,3.0,3.0,4.0,3.0,2.0,3.0,4.0,4.0,4.0,4.0,3.0,4.0,4.0,4.0,3.0,4.0,3.0
1124833968,4.0,0.0,2.0,2.0,3.0,2.0,4.0,4.0,1.0,3.0,2.0,1.0,4.0,3.0,2.0,2.0,4.0,2.0,4.0,2.0,4.0
1105619040,1.0,0.0,2.0,2.0,4.0,1.0,4.0,2.0,4.0,3.0,2.0,1.0,4.0,3.0,0.0,2.0,4.0,3.0,4.0,3.0,2.0
1128452376,4.0,0.0,2.0,2.0,3.0,2.0,4.0,4.0,1.0,3.0,2.0,1.0,4.0,3.0,2.0,2.0,4.0,2.0,4.0,2.0,4.0
1132759784,4.0,0.0,2.0,2.0,3.0,2.0,4.0,4.0,1.0,3.0,2.0,1.0,4.0,3.0,2.0,2.0,4.0,2.0,4.0,3.0,4.0
1125694272,4.0,0.0,2.0,2.0,3.0,2.0,4.0,4.0,1.0,3.0,2.0,1.0,4.0,6.0,2.0,2.0,4.0,2.0,4.0,2.0,4.0
1125694392,4.0,0.0,2.0,2.0,3.0,2.0,4.0,4.0,1.0,3.0,2.0,1.0,4.0,6.0,2.0,2.0,4.0,2.0,4.0,3.0,4.0
1125694512,4.0,0.0,2.0,2.0,3.0,2.0,4.0,4.0,1.0,3.0,2.0,1.0,4.0,6.0,2.0,2.0,4.0,2.0,4.0,2.0,4.0
1105446592,1.0,0.0,2.0,2.0,4.0,1.0,4.0,2.0,4.0,3.0,2.0,1.0,4.0,3.0,0.0,3.0,4.0,3.0,4.0,3.0,2.0
1125694880,4.0,0.0,2.0,2.0,3.0,2.0,4.0,4.0,1.0,3.0,2.0,1.0,4.0,6.0,2.0,2.0,4.0,2.0,4.0,2.0,4.0
1128366696,4.0,0.0,2.0,4.0,3.0,3.0,4.0,3.0,2.0,3.0,4.0,4.0,4.0,4.0,3.0,4.0,4.0,4.0,3.0,4.0,3.0
1132760520,4.0,0.0,2.0,2.0,3.0,2.0,4.0,4.0,1.0,3.0,2.0,1.0,4.0,3.0,2.0,2.0,4.0,2.0,4.0,2.0,4.0
1127246688,4.0,0.0,2.0,2.0,3.0,2.0,4.0,4.0,1.0,3.0,2.0,1.0,4.0,3.0,2.0,2.0,4.0,2.0,4.0,2.0,4.0
1133622432,1.0,0.0,2.0,4.0,4.0,1.0,4.0,2.0,4.0,4.0,2.0,1.0,1.0,3.0,0.0,2.0,4.0,3.0,4.0,3.0,4.0
1127246320,4.0,0.0,2.0,2.0,3.0,2.0,4.0,4.0,1.0,3.0,2.0,1.0,4.0,3.0,2.0,2.0,4.0,2.0,4.0,2.0,4.0
1133880800,1.0,0.0,2.0,4.0,4.0,3.0,4.0,3.0,4.0,4.0,4.0,4.0,1.0,4.0,3.0,4.0,0.0,4.0,3.0,4.0,3.0
1124489312,4.0,0.0,2.0,2.0,3.0,2.0,4.0,4.0,1.0,3.0,2.0,1.0,4.0,6.0,2.0,2.0,4.0,2.0,4.0,2.0,4.0
1133881048,1.0,0.0,2.0,4.0,4.0,3.0,4.0,3.0,4.0,4.0,4.0,4.0,1.0,4.0,3.0,4.0,0.0,4.0,3.0,4.0,3.0
1129314872,4.0,0.0,2.0,2.0,3.0,2.0,4.0,4.0,1.0,3.0,2.0,1.0,4.0,3.0,2.0,2.0,4.0,2.0,4.0,2.0,4.0
1133622800,1.0,0.0,2.0,4.0,4.0,2.0,4.0,2.0,4.0,4.0,2.0,1.0,1.0,3.0,0.0,3.0,4.0,3.0,4.0,3.0,2.0
1105015160,1.0,0.0,2.0,2.0,4.0,2.0,4.0,2.0,4.0,3.0,2.0,1.0,4.0,3.0,0.0,2.0,4.0,3.0,4.0,2.0,2.0
1133881288,1.0,0.0,2.0,4.0,4.0,3.0,4.0,3.0,4.0,4.0,4.0,4.0,1.0,4.0,3.0,4.0,0.0,4.0,3.0,4.0,3.0
1135173504,1.0,0.0,2.0,4.0,4.0,1.0,4.0,2.0,4.0,4.0,2.0,1.0,1.0,3.0,0.0,2.0,4.0,3.0,4.0,3.0,2.0
1135431024,1.0,0.0,2.0,4.0,4.0,3.0,4.0,3.0,4.0,4.0,4.0,4.0,1.0,4.0,3.0,4.0,0.0,4.0,3.0,4.0,3.0
1126298640,4.0,0.0,2.0,4.0,3.0,3.0,4.0,3.0,2.0,3.0,4.0,4.0,4.0,4.0,3.0,4.0,4.0,4.0,3.0,4.0,3.0
1135172896,1.0,0.0,2.0,4.0,4.0,1.0,4.0,2.0,4.0,4.0,2.0,1.0,1.0,3.0,0.0,3.0,4.0,3.0,4.0,3.0,2.0
1124488096,4.0,0.0,2.0,2.0,3.0,2.0,4.0,4.0,1.0,3.0,2.0,1.0,4.0,6.0,2.0,2.0,4.0,2.0,4.0,3.0,4.0
1126299248,4.0,0.0,2.0,2.0,3.0,3.0,4.0,3.0,2.0,3.0,4.0,4.0,4.0,4.0,3.0,4.0,4.0,4.0,3.0,4.0,3.0
1135346328,1.0,0.0,2.0,4.0,4.0,2.0,4.0,2.0,4.0,4.0,2.0,1.0,1.0,3.0,0.0,3.0,4.0,3.0,4.0,3.0,2.0
1129399688,4.0,0.0,2.0,4.0,3.0,3.0,4.0,3.0,2.0,3.0,4.0,4.0,4.0,4.0,3.0,4.0,4.0,4.0,3.0,4.0,3.0
1135346200,1.0,0.0,2.0,4.0,4.0,2.0,4.0,2.0,4.0,4.0,2.0,1.0,1.0,3.0,0.0,3.0,4.0,3.0,4.0,3.0,4.0
1129658064,4.0,0.0,2.0,2.0,3.0,2.0,4.0,4.0,1.0,3.0,2.0,1.0,4.0,6.0,2.0,2.0,4.0,2.0,4.0,2.0,4.0
1126212720,4.0,0.0,2.0,2.0,3.0,2.0,4.0,4.0,1.0,3.0,2.0,1.0,4.0,3.0,2.0,2.0,4.0,2.0,4.0,2.0,4.0
1126212840,4.0,0.0,2.0,2.0,3.0,2.0,4.0,4.0,1.0,3.0,2.0,1.0,4.0,3.0,2.0,2.0,4.0,2.0,4.0,2.0,4.0
1129658432,4.0,0.0,2.0,2.0,3.0,2.0,4.0,4.0,1.0,3.0,2.0,1.0,4.0,6.0,2.0,2.0,4.0,2.0,4.0,2.0,4.0
1133623040,1.0,0.0,2.0,4.0,4.0,2.0,4.0,2.0,4.0,4.0,2.0,1.0,1.0,3.0,0.0,3.0,4.0,3.0,4.0,3.0,2.0
1127246200,4.0,0.0,2.0,2.0,3.0,2.0,4.0,4.0,1.0,3.0,2.0,1.0,4.0,3.0,2.0,2.0,4.0,1.0,4.0,2.0,4.0
1127246080,4.0,0.0,2.0,2.0,3.0,2.0,4.0,4.0,1.0,3.0,2.0,1.0,4.0,3.0,2.0,2.0,4.0,2.0,4.0,2.0,4.0
1129659528,4.0,0.0,2.0,2.0,3.0,2.0,4.0,4.0,1.0,3.0,2.0,1.0,4.0,6.0,2.0,2.0,4.0,2.0,4.0,2.0,4.0
1128969728,4.0,0.0,2.0,2.0,3.0,2.0,4.0,4.0,1.0,3.0,2.0,1.0,4.0,3.0,2.0,2.0,4.0,6.0,4.0,2.0,2.0
1126126064,4.0,0.0,2.0,4.0,3.0,3.0,4.0,3.0,2.0,3.0,4.0,4.0,4.0,4.0,3.0,4.0,4.0,4.0,3.0,4.0,3.0
1135431512,1.0,0.0,2.0,4.0,4.0,3.0,4.0,3.0,4.0,4.0,4.0,4.0,1.0,4.0,3.0,4.0,0.0,4.0,3.0,4.0,3.0
1105016016,1.0,0.0,2.0,2.0,4.0,0.0,0.0,0.0,0.0,0.0,2.0,1.0,4.0,3.0,0.0,2.0,4.0,3.0,4.0,3.0,2.0
1124143320,4.0,0.0,2.0,2.0,3.0,2.0,4.0,4.0,1.0,3.0,2.0,1.0,4.0,3.0,2.0,2.0,4.0,2.0,4.0,2.0,4.0
1105101568,1.0,0.0,2.0,2.0,4.0,1.0,4.0,2.0,4.0,3.0,2.0,1.0,4.0,3.0,0.0,3.0,4.0,3.0,4.0,3.0,2.0
1128969848,4.0,0.0,2.0,2.0,3.0,2.0,4.0,4.0,1.0,3.0,2.0,1.0,4.0,3.0,6.0,2.0,4.0,6.0,4.0,2.0,4.0
1129658792,4.0,0.0,2.0,2.0,3.0,2.0,4.0,4.0,1.0,3.0,2.0,1.0,4.0,6.0,2.0,2.0,4.0,1.0,4.0,2.0,4.0
1129658672,4.0,0.0,2.0,2.0,3.0,2.0,4.0,4.0,1.0,3.0,2.0,1.0,4.0,6.0,2.0,2.0,4.0,2.0,4.0,2.0,4.0
1126211624,4.0,0.0,2.0,2.0,3.0,2.0,4.0,4.0,1.0,3.0,2.0,1.0,4.0,3.0,2.0,2.0,4.0,2.0,4.0,2.0,4.0
1129313280,4.0,0.0,2.0,2.0,3.0,2.0,4.0,4.0,1.0,3.0,2.0,1.0,4.0,3.0,2.0,2.0,4.0,2.0,4.0,3.0,4.0
1133880312,1.0,0.0,2.0,2.0,4.0,3.0,4.0,3.0,4.0,4.0,4.0,4.0,1.0,4.0,3.0,4.0,4.0,4.0,3.0,4.0,3.0
1129400304,0.0,1.0,0.0,4.0,1.0,3.0,2.0,3.0,2.0,1.0,4.0,4.0,3.0,4.0,3.0,4.0,0.0,4.0,3.0,4.0,3.0
1129400176,0.0,1.0,0.0,4.0,1.0,3.0,2.0,3.0,2.0,1.0,4.0,4.0,3.0,4.0,3.0,4.0,0.0,4.0,3.0,4.0,3.0
1129400424,0.0,1.0,0.0,4.0,1.0,3.0,2.0,3.0,2.0,1.0,4.0,4.0,3.0,4.0,3.0,4.0,0.0,4.0,3.0,4.0,3.0
1129400912,0.0,1.0,0.0,4.0,1.0,3.0,2.0,3.0,2.0,1.0,4.0,4.0,3.0,4.0,3.0,4.0,0.0,4.0,3.0,4.0,3.0
1129400544,0.0,1.0,0.0,4.0,1.0,3.0,2.0,3.0,2.0,1.0,4.0,4.0,3.0,4.0,3.0,4.0,0.0,4.0,3.0,4.0,3.0
1129400792,0.0,1.0,0.0,4.0,1.0,3.0,2.0,3.0,2.0,1.0,4.0,4.0,3.0,4.0,3.0,4.0,0.0,4.0,3.0,4.0,3.0
1129400056,0.0,1.0,0.0,4.0,1.0,3.0,2.0,3.0,2.0,1.0,4.0,4.0,3.0,4.0,3.0,4.0,0.0,4.0,3.0,4.0,3.0
1128710256,0.0,1.0,0.0,4.0,1.0,3.0,2.0,3.0,2.0,1.0,4.0,4.0,3.0,4.0,6.0,6.0,6.0,6.0,3.0,4.0,3.0
1129399936,0.0,1.0,0.0,4.0,1.0,3.0,2.0,3.0,2.0,1.0,4.0,4.0,3.0,4.0,3.0,4.0,0.0,4.0,3.0,4.0,3.0
1128710136,0.0,1.0,0.0,4.0,0.0,3.0,2.0,3.0,2.0,1.0,4.0,4.0,3.0,4.0,6.0,6.0,6.0,6.0,3.0,4.0,3.0
1129399568,0.0,1.0,0.0,4.0,1.0,3.0,2.0,3.0,2.0,1.0,4.0,4.0,3.0,4.0,3.0,4.0,0.0,4.0,3.0,4.0,3.0
1127159184,0.0,1.0,0.0,4.0,0.0,3.0,2.0,3.0,2.0,1.0,4.0,4.0,3.0,6.0,3.0,4.0,0.0,4.0,3.0,4.0,3.0
1129399328,0.0,1.0,0.0,4.0,0.0,3.0,2.0,3.0,2.0,1.0,4.0,4.0,3.0,4.0,3.0,4.0,0.0,4.0,3.0,4.0,3.0
1128710376,0.0,1.0,0.0,4.0,1.0,3.0,2.0,3.0,2.0,1.0,4.0,4.0,3.0,4.0,6.0,6.0,6.0,6.0,3.0,4.0,3.0
1128710504,0.0,1.0,0.0,4.0,1.0,3.0,2.0,3.0,2.0,1.0,4.0,4.0,3.0,4.0,6.0,6.0,6.0,6.0,3.0,4.0,3.0
1128710992,0.0,1.0,0.0,4.0,1.0,3.0,2.0,3.0,2.0,1.0,4.0,4.0,3.0,4.0,6.0,6.0,6.0,6.0,3.0,4.0,3.0
1128883192,0.0,1.0,0.0,4.0,1.0,3.0,2.0,3.0,2.0,1.0,4.0,4.0,3.0,4.0,6.0,6.0,6.0,6.0,3.0,4.0,3.0
1128883320,0.0,1.0,0.0,4.0,1.0,3.0,2.0,3.0,2.0,1.0,4.0,4.0,3.0,4.0,6.0,6.0,6.0,6.0,3.0,4.0,3.0
1128710016,0.0,1.0,0.0,4.0,0.0,3.0,2.0,3.0,2.0,1.0,4.0,4.0,3.0,4.0,6.0,6.0,6.0,6.0,3.0,4.0,3.0
1128539512,0.0,1.0,0.0,4.0,1.0,3.0,2.0,3.0,2.0,1.0,4.0,4.0,3.0,4.0,3.0,4.0,0.0,4.0,3.0,4.0,3.0
1135431880,1.0,1.0,3.0,4.0,4.0,3.0,2.0,3.0,4.0,4.0,4.0,4.0,1.0,4.0,3.0,4.0,0.0,4.0,3.0,4.0,3.0
1128539272,0.0,1.0,0.0,4.0,1.0,3.0,2.0,3.0,2.0,1.0,4.0,4.0,3.0,4.0,3.0,4.0,0.0,4.0,3.0,4.0,3.0
1126125704,0.0,1.0,0.0,4.0,1.0,3.0,2.0,3.0,2.0,1.0,4.0,4.0,3.0,4.0,3.0,4.0,0.0,4.0,3.0,4.0,3.0
1126125824,0.0,1.0,0.0,4.0,1.0,3.0,2.0,3.0,2.0,1.0,4.0,4.0,3.0,4.0,3.0,4.0,0.0,4.0,3.0,4.0,3.0
1126126312,0.0,1.0,0.0,4.0,1.0,3.0,2.0,3.0,2.0,1.0,4.0,4.0,3.0,4.0,3.0,4.0,0.0,4.0,3.0,4.0,3.0
1126126680,0.0,1.0,0.0,4.0,1.0,3.0,2.0,3.0,2.0,1.0,4.0,4.0,3.0,4.0,3.0,4.0,0.0,4.0,3.0,4.0,3.0
1126126800,0.0,1.0,0.0,4.0,1.0,3.0,2.0,3.0,2.0,1.0,4.0,4.0,3.0,4.0,3.0,4.0,0.0,4.0,3.0,4.0,3.0
1126126920,0.0,1.0,0.0,4.0,1.0,3.0,2.0,3.0,2.0,1.0,4.0,4.0,3.0,4.0,3.0,4.0,0.0,4.0,3.0,4.0,3.0
1127160888,0.0,1.0,0.0,4.0,1.0,3.0,2.0,3.0,2.0,1.0,4.0,4.0,3.0,6.0,3.0,4.0,0.0,4.0,3.0,4.0,3.0
1127160648,0.0,1.0,0.0,4.0,1.0,3.0,2.0,3.0,2.0,1.0,4.0,4.0,3.0,6.0,3.0,4.0,0.0,4.0,3.0,4.0,3.0
1127160520,0.0,1.0,0.0,4.0,1.0,3.0,2.0,3.0,2.0,1.0,4.0,4.0,3.0,6.0,3.0,4.0,0.0,4.0,3.0,4.0,3.0
1127160400,0.0,1.0,0.0,4.0,1.0,3.0,2.0,3.0,2.0,1.0,4.0,4.0,3.0,6.0,3.0,4.0,0.0,4.0,3.0,4.0,3.0
1135431760,1.0,1.0,4.0,4.0,4.0,3.0,2.0,3.0,4.0,4.0,4.0,4.0,1.0,4.0,3.0,4.0,0.0,4.0,3.0,4.0,3.0
1126125216,0.0,1.0,0.0,4.0,0.0,3.0,2.0,3.0,2.0,1.0,4.0,4.0,3.0,4.0,3.0,4.0,0.0,4.0,3.0,4.0,3.0
1126298392,0.0,1.0,0.0,4.0,1.0,3.0,2.0,3.0,2.0,1.0,4.0,4.0,3.0,4.0,3.0,4.0,0.0,4.0,3.0,4.0,3.0
1126298760,0.0,1.0,0.0,4.0,1.0,3.0,2.0,3.0,2.0,1.0,4.0,4.0,3.0,4.0,3.0,4.0,0.0,4.0,3.0,4.0,3.0
1126299008,0.0,1.0,0.0,4.0,1.0,3.0,2.0,3.0,2.0,1.0,4.0,4.0,3.0,4.0,3.0,4.0,0.0,4.0,3.0,4.0,3.0
1126987344,0.0,1.0,0.0,4.0,1.0,3.0,2.0,3.0,2.0,1.0,4.0,4.0,3.0,4.0,3.0,4.0,0.0,4.0,3.0,4.0,3.0
1126987464,0.0,1.0,0.0,4.0,1.0,3.0,2.0,3.0,2.0,1.0,4.0,4.0,3.0,4.0,3.0,4.0,0.0,4.0,3.0,4.0,3.0
1127160032,0.0,1.0,0.0,4.0,1.0,3.0,2.0,3.0,2.0,1.0,4.0,4.0,3.0,6.0,3.0,4.0,0.0,4.0,3.0,4.0,3.0
1126987704,0.0,1.0,0.0,4.0,1.0,3.0,2.0,3.0,2.0,1.0,4.0,4.0,3.0,4.0,3.0,4.0,0.0,4.0,3.0,4.0,3.0
1127159792,0.0,1.0,0.0,4.0,1.0,3.0,2.0,3.0,2.0,1.0,4.0,4.0,3.0,6.0,3.0,4.0,0.0,4.0,3.0,4.0,3.0
1127159672,0.0,1.0,0.0,4.0,1.0,3.0,2.0,3.0,2.0,1.0,4.0,4.0,3.0,6.0,3.0,4.0,0.0,4.0,3.0,4.0,3.0
1126988192,0.0,1.0,0.0,4.0,1.0,3.0,2.0,3.0,2.0,1.0,4.0,4.0,3.0,4.0,3.0,4.0,0.0,4.0,3.0,4.0,3.0
1126988440,0.0,1.0,0.0,4.0,1.0,3.0,2.0,3.0,2.0,1.0,4.0,4.0,3.0,4.0,3.0,4.0,0.0,4.0,3.0,4.0,3.0
1126988560,0.0,1.0,0.0,4.0,1.0,3.0,2.0,3.0,2.0,1.0,4.0,4.0,3.0,4.0,3.0,4.0,0.0,4.0,3.0,4.0,3.0
1126298520,0.0,1.0,0.0,4.0,1.0,3.0,2.0,3.0,2.0,1.0,4.0,4.0,3.0,4.0,3.0,4.0,0.0,4.0,3.0,4.0,3.0
1128539392,0.0,1.0,0.0,4.0,1.0,3.0,2.0,3.0,2.0,1.0,4.0,4.0,3.0,4.0,3.0,4.0,0.0,4.0,3.0,4.0,3.0
1128194248,0.0,1.0,0.0,4.0,1.0,3.0,2.0,3.0,2.0,1.0,4.0,4.0,3.0,4.0,3.0,4.0,0.0,4.0,3.0,4.0,3.0
1128194736,0.0,1.0,0.0,4.0,1.0,3.0,2.0,3.0,2.0,1.0,4.0,4.0,3.0,4.0,3.0,4.0,0.0,4.0,3.0,4.0,3.0
1128539152,0.0,1.0,0.0,4.0,1.0,3.0,2.0,3.0,2.0,1.0,4.0,4.0,3.0,4.0,3.0,4.0,0.0,4.0,3.0,4.0,3.0
1128538904,0.0,1.0,0.0,4.0,1.0,3.0,2.0,3.0,2.0,1.0,4.0,4.0,3.0,4.0,3.0,4.0,0.0,4.0,3.0,4.0,3.0
1128538664,0.0,1.0,0.0,4.0,1.0,3.0,2.0,3.0,2.0,1.0,4.0,4.0,3.0,4.0,3.0,4.0,0.0,4.0,3.0,4.0,3.0
1128538416,0.0,1.0,0.0,4.0,1.0,3.0,2.0,3.0,2.0,1.0,4.0,4.0,3.0,4.0,3.0,4.0,0.0,4.0,3.0,4.0,3.0
1128538296,0.0,1.0,0.0,4.0,1.0,3.0,2.0,3.0,2.0,1.0,4.0,4.0,3.0,4.0,3.0,4.0,0.0,4.0,3.0,4.0,3.0
1128538176,0.0,1.0,0.0,4.0,1.0,3.0,2.0,3.0,2.0,1.0,4.0,4.0,3.0,4.0,3.0,4.0,0.0,4.0,3.0,4.0,3.0
1128537928,0.0,1.0,0.0,4.0,1.0,3.0,2.0,3.0,2.0,1.0,4.0,4.0,3.0,4.0,3.0,4.0,0.0,4.0,3.0,4.0,3.0
1128537688,0.0,1.0,0.0,4.0,0.0,3.0,2.0,3.0,2.0,1.0,4.0,4.0,3.0,4.0,3.0,4.0,0.0,4.0,3.0,4.0,3.0
1128367184,0.0,1.0,0.0,4.0,1.0,3.0,2.0,3.0,2.0,1.0,4.0,4.0,3.0,4.0,3.0,4.0,0.0,4.0,3.0,4.0,3.0
1129401032,0.0,1.0,0.0,4.0,1.0,3.0,2.0,3.0,2.0,1.0,4.0,4.0,3.0,4.0,3.0,4.0,0.0,4.0,3.0,4.0,3.0
1128366456,0.0,1.0,0.0,4.0,1.0,3.0,2.0,3.0,2.0,1.0,4.0,4.0,3.0,4.0,3.0,4.0,0.0,4.0,3.0,4.0,3.0
1128194616,0.0,1.0,0.0,4.0,1.0,3.0,2.0,3.0,2.0,1.0,4.0,4.0,3.0,4.0,3.0,4.0,0.0,4.0,3.0,4.0,3.0
1128366208,0.0,1.0,0.0,4.0,1.0,3.0,2.0,3.0,2.0,1.0,4.0,4.0,3.0,4.0,3.0,4.0,0.0,4.0,3.0,4.0,3.0
1125953008,0.0,1.0,0.0,4.0,1.0,3.0,2.0,3.0,2.0,1.0,4.0,4.0,3.0,4.0,3.0,4.0,0.0,4.0,3.0,4.0,3.0
1125953128,0.0,1.0,0.0,4.0,1.0,3.0,2.0,3.0,2.0,1.0,4.0,4.0,3.0,4.0,3.0,4.0,0.0,4.0,3.0,4.0,3.0
1125953376,0.0,1.0,0.0,4.0,1.0,3.0,2.0,3.0,2.0,1.0,4.0,4.0,3.0,4.0,3.0,4.0,0.0,4.0,3.0,4.0,3.0
1125953496,0.0,1.0,0.0,4.0,1.0,3.0,2.0,3.0,2.0,1.0,4.0,4.0,3.0,4.0,3.0,4.0,0.0,4.0,3.0,4.0,3.0
1128365600,0.0,1.0,0.0,4.0,1.0,3.0,2.0,3.0,2.0,1.0,4.0,4.0,3.0,4.0,3.0,4.0,0.0,4.0,3.0,4.0,3.0
1125953736,0.0,1.0,0.0,4.0,1.0,3.0,2.0,3.0,2.0,1.0,4.0,4.0,3.0,4.0,3.0,4.0,0.0,4.0,3.0,4.0,3.0
1125953856,0.0,1.0,0.0,4.0,1.0,3.0,2.0,3.0,2.0,1.0,4.0,4.0,3.0,4.0,3.0,4.0,0.0,4.0,3.0,4.0,3.0
1125954104,0.0,1.0,0.0,4.0,1.0,3.0,2.0,3.0,2.0,1.0,4.0,4.0,3.0,4.0,3.0,4.0,0.0,4.0,3.0,4.0,3.0
1128365360,0.0,1.0,0.0,4.0,0.0,3.0,2.0,3.0,2.0,1.0,4.0,4.0,3.0,4.0,3.0,4.0,0.0,4.0,3.0,4.0,3.0
1125954344,0.0,1.0,0.0,4.0,1.0,3.0,2.0,3.0,2.0,1.0,4.0,4.0,3.0,4.0,3.0,4.0,0.0,4.0,3.0,4.0,3.0
1128194856,0.0,1.0,0.0,4.0,1.0,3.0,2.0,3.0,2.0,1.0,4.0,4.0,3.0,4.0,3.0,4.0,0.0,4.0,3.0,4.0,3.0
1125952888,0.0,1.0,0.0,4.0,0.0,3.0,2.0,3.0,2.0,1.0,4.0,4.0,3.0,4.0,3.0,4.0,0.0,4.0,3.0,4.0,3.0
1128366576,0.0,1.0,0.0,4.0,1.0,3.0,2.0,3.0,2.0,1.0,4.0,4.0,3.0,4.0,3.0,4.0,0.0,4.0,3.0,4.0,3.0
1129399448,0.0,1.0,0.0,4.0,0.0,3.0,2.0,3.0,2.0,1.0,4.0,4.0,3.0,4.0,3.0,4.0,0.0,4.0,3.0,4.0,3.0
1127159304,0.0,1.0,0.0,4.0,1.0,3.0,2.0,3.0,2.0,1.0,4.0,4.0,3.0,6.0,3.0,4.0,0.0,4.0,3.0,4.0,3.0
1130261088,0.0,1.0,0.0,4.0,0.0,3.0,2.0,3.0,2.0,1.0,4.0,4.0,3.0,6.0,3.0,4.0,0.0,4.0,3.0,4.0,3.0
1132330064,0.0,1.0,0.0,4.0,1.0,3.0,2.0,3.0,2.0,1.0,4.0,4.0,3.0,4.0,3.0,4.0,0.0,4.0,3.0,4.0,3.0
1130261328,0.0,1.0,0.0,4.0,1.0,3.0,2.0,3.0,2.0,1.0,4.0,4.0,3.0,6.0,3.0,4.0,0.0,4.0,3.0,4.0,3.0
1130261456,0.0,1.0,0.0,4.0,1.0,3.0,2.0,3.0,2.0,1.0,4.0,4.0,3.0,6.0,3.0,4.0,0.0,4.0,3.0,4.0,3.0
1133191488,1.0,1.0,4.0,4.0,4.0,3.0,2.0,3.0,4.0,4.0,4.0,4.0,1.0,4.0,3.0,4.0,0.0,4.0,3.0,4.0,3.0
1130261576,0.0,1.0,0.0,4.0,1.0,3.0,2.0,3.0,2.0,1.0,4.0,4.0,3.0,6.0,3.0,4.0,0.0,4.0,3.0,4.0,3.0
1132847656,0.0,1.0,0.0,4.0,1.0,3.0,2.0,3.0,2.0,1.0,4.0,4.0,3.0,4.0,3.0,4.0,0.0,4.0,3.0,4.0,3.0
1130261696,0.0,1.0,0.0,4.0,1.0,3.0,2.0,3.0,2.0,1.0,4.0,4.0,3.0,6.0,3.0,4.0,0.0,4.0,3.0,4.0,3.0
1132847416,0.0,1.0,0.0,4.0,1.0,3.0,2.0,3.0,2.0,1.0,4.0,4.0,3.0,4.0,3.0,4.0,0.0,4.0,3.0,4.0,3.0
1132847288,0.0,1.0,0.0,4.0,1.0,3.0,2.0,3.0,2.0,1.0,4.0,4.0,3.0,4.0,3.0,4.0,0.0,4.0,3.0,4.0,3.0
1132846928,0.0,1.0,0.0,4.0,1.0,3.0,2.0,3.0,2.0,1.0,4.0,4.0,3.0,4.0,3.0,4.0,0.0,4.0,3.0,4.0,3.0
1132846680,0.0,1.0,0.0,4.0,1.0,3.0,2.0,3.0,2.0,1.0,4.0,4.0,3.0,4.0,3.0,4.0,0.0,4.0,3.0,4.0,3.0
1130261944,0.0,1.0,0.0,4.0,1.0,3.0,2.0,3.0,2.0,1.0,4.0,4.0,3.0,6.0,3.0,4.0,0.0,4.0,3.0,4.0,3.0
1130260968,0.0,1.0,0.0,4.0,0.0,3.0,2.0,3.0,2.0,1.0,4.0,4.0,3.0,6.0,3.0,4.0,0.0,4.0,3.0,4.0,3.0
1130262064,0.0,1.0,0.0,4.0,1.0,3.0,2.0,3.0,2.0,1.0,4.0,4.0,3.0,6.0,3.0,4.0,0.0,4.0,3.0,4.0,3.0
1130262432,0.0,1.0,0.0,4.0,1.0,3.0,2.0,3.0,2.0,1.0,4.0,4.0,3.0,6.0,3.0,4.0,0.0,4.0,3.0,4.0,3.0
1132846560,0.0,1.0,0.0,4.0,1.0,3.0,2.0,3.0,2.0,1.0,4.0,4.0,3.0,4.0,3.0,4.0,0.0,4.0,3.0,4.0,3.0
1130262552,0.0,1.0,0.0,4.0,1.0,3.0,2.0,3.0,2.0,1.0,4.0,4.0,3.0,6.0,3.0,4.0,0.0,4.0,3.0,4.0,3.0
1130262672,0.0,1.0,0.0,4.0,1.0,3.0,2.0,3.0,2.0,1.0,4.0,4.0,3.0,6.0,3.0,4.0,0.0,4.0,3.0,4.0,3.0
1130262800,0.0,1.0,0.0,4.0,1.0,3.0,2.0,3.0,2.0,1.0,4.0,4.0,3.0,6.0,3.0,4.0,0.0,4.0,3.0,4.0,3.0
1132846440,0.0,1.0,0.0,4.0,1.0,3.0,2.0,3.0,2.0,1.0,4.0,4.0,3.0,4.0,3.0,4.0,0.0,4.0,3.0,4.0,3.0
1132846312,0.0,1.0,0.0,4.0,1.0,3.0,2.0,3.0,2.0,1.0,4.0,4.0,3.0,4.0,3.0,4.0,0.0,4.0,3.0,4.0,3.0
1132846192,0.0,1.0,0.0,4.0,1.0,3.0,2.0,3.0,2.0,1.0,4.0,4.0,3.0,4.0,3.0,4.0,0.0,4.0,3.0,4.0,3.0
1132846072,0.0,1.0,0.0,4.0,0.0,3.0,2.0,3.0,2.0,1.0,4.0,4.0,3.0,4.0,3.0,4.0,0.0,4.0,3.0,4.0,3.0
1132330672,0.0,1.0,0.0,4.0,1.0,3.0,2.0,3.0,2.0,1.0,4.0,4.0,3.0,4.0,3.0,4.0,0.0,4.0,3.0,4.0,3.0
1132328968,0.0,1.0,0.0,4.0,0.0,3.0,2.0,3.0,2.0,1.0,4.0,4.0,3.0,4.0,3.0,4.0,0.0,4.0,3.0,4.0,3.0
1132330552,0.0,1.0,0.0,4.0,1.0,3.0,2.0,3.0,2.0,1.0,4.0,4.0,3.0,4.0,3.0,4.0,0.0,4.0,3.0,4.0,3.0
1132330184,0.0,1.0,0.0,4.0,1.0,3.0,2.0,3.0,2.0,1.0,4.0,4.0,3.0,4.0,3.0,4.0,0.0,4.0,3.0,4.0,3.0
1130262312,0.0,1.0,0.0,4.0,1.0,3.0,2.0,3.0,2.0,1.0,4.0,4.0,3.0,6.0,3.0,4.0,0.0,4.0,3.0,4.0,3.0
1133880072,1.0,1.0,0.0,4.0,4.0,3.0,2.0,3.0,4.0,4.0,4.0,4.0,1.0,4.0,3.0,4.0,0.0,4.0,3.0,4.0,3.0
1132329328,0.0,1.0,0.0,4.0,1.0,3.0,2.0,3.0,2.0,1.0,4.0,4.0,3.0,4.0,3.0,4.0,0.0,4.0,3.0,4.0,3.0
1133881536,1.0,1.0,4.0,4.0,4.0,3.0,2.0,3.0,4.0,4.0,4.0,4.0,1.0,4.0,3.0,4.0,0.0,4.0,3.0,4.0,3.0
1133881416,1.0,1.0,4.0,4.0,4.0,3.0,2.0,3.0,4.0,4.0,4.0,4.0,1.0,4.0,3.0,4.0,0.0,4.0,3.0,4.0,3.0
1135430904,1.0,1.0,0.0,4.0,4.0,3.0,2.0,3.0,4.0,4.0,4.0,4.0,1.0,4.0,3.0,4.0,0.0,4.0,3.0,4.0,3.0
1135431144,1.0,1.0,0.0,4.0,4.0,3.0,2.0,3.0,4.0,4.0,4.0,4.0,1.0,4.0,3.0,4.0,0.0,4.0,3.0,4.0,3.0
1135431272,1.0,1.0,0.0,4.0,4.0,3.0,2.0,3.0,4.0,4.0,4.0,4.0,1.0,4.0,3.0,4.0,0.0,4.0,3.0,4.0,3.0
1133880440,1.0,1.0,0.0,4.0,4.0,3.0,2.0,3.0,4.0,4.0,4.0,4.0,1.0,4.0,3.0,4.0,0.0,4.0,3.0,4.0,3.0
1133880560,1.0,1.0,0.0,4.0,4.0,3.0,2.0,3.0,4.0,4.0,4.0,4.0,1.0,4.0,3.0,4.0,0.0,4.0,3.0,4.0,3.0
1133880680,1.0,1.0,0.0,4.0,4.0,3.0,2.0,3.0,4.0,4.0,4.0,4.0,1.0,4.0,3.0,4.0,0.0,4.0,3.0,4.0,3.0
1133881168,1.0,1.0,4.0,4.0,4.0,3.0,2.0,3.0,4.0,4.0,4.0,4.0,1.0,4.0,3.0,4.0,0.0,4.0,3.0,4.0,3.0
1135431392,1.0,1.0,0.0,4.0,4.0,3.0,2.0,3.0,4.0,4.0,4.0,4.0,1.0,4.0,3.0,4.0,0.0,4.0,3.0,4.0,3.0
1135431632,1.0,1.0,3.0,4.0,4.0,3.0,2.0,3.0,4.0,4.0,4.0,4.0,1.0,4.0,3.0,4.0,0.0,4.0,3.0,4.0,3.0
1133880192,1.0,1.0,0.0,4.0,4.0,3.0,2.0,3.0,4.0,4.0,4.0,4.0,1.0,4.0,3.0,4.0,0.0,4.0,3.0,4.0,3.0
1133881656,1.0,1.0,4.0,4.0,4.0,3.0,2.0,3.0,4.0,4.0,4.0,4.0,1.0,4.0,3.0,4.0,0.0,4.0,3.0,4.0,3.0
1133880928,1.0,1.0,3.0,4.0,4.0,3.0,2.0,3.0,4.0,4.0,4.0,4.0,1.0,4.0,3.0,4.0,0.0,4.0,3.0,4.0,3.0
1135173144,1.0,2.0,2.0,2.0,4.0,2.0,4.0,1.0,4.0,4.0,2.0,1.0,1.0,2.0,4.0,3.0,4.0,1.0,4.0,3.0,2.0
1135173016,4.0,2.0,1.0,2.0,2.0,2.0,4.0,1.0,4.0,3.0,2.0,1.0,1.0,2.0,4.0,3.0,4.0,1.0,4.0,3.0,2.0
1127160160,4.0,2.0,2.0,2.0,2.0,3.0,4.0,3.0,2.0,3.0,4.0,4.0,4.0,6.0,3.0,4.0,4.0,4.0,3.0,4.0,3.0
1135173264,1.0,2.0,2.0,2.0,4.0,2.0,4.0,1.0,4.0,4.0,2.0,1.0,1.0,2.0,4.0,3.0,4.0,1.0,4.0,3.0,2.0
1127245344,4.0,2.0,1.0,0.0,2.0,2.0,4.0,1.0,1.0,3.0,0.0,0.0,4.0,2.0,4.0,0.0,4.0,1.0,4.0,3.0,4.0
1127159912,4.0,2.0,2.0,2.0,2.0,3.0,4.0,3.0,2.0,3.0,4.0,4.0,4.0,6.0,3.0,4.0,4.0,4.0,3.0,4.0,3.0
1125953248,4.0,2.0,2.0,2.0,2.0,3.0,4.0,3.0,2.0,3.0,4.0,4.0,4.0,4.0,3.0,4.0,4.0,4.0,3.0,4.0,3.0
1105446464,1.0,2.0,2.0,2.0,4.0,1.0,4.0,1.0,1.0,3.0,2.0,1.0,4.0,2.0,4.0,3.0,4.0,1.0,4.0,3.0,2.0
1132759912,4.0,2.0,1.0,2.0,2.0,2.0,4.0,1.0,1.0,3.0,2.0,0.0,4.0,2.0,4.0,0.0,4.0,1.0,4.0,3.0,2.0
1127159544,4.0,2.0,2.0,2.0,2.0,3.0,4.0,3.0,2.0,3.0,4.0,4.0,4.0,6.0,3.0,4.0,4.0,4.0,3.0,4.0,3.0
1129485736,4.0,2.0,2.0,2.0,2.0,2.0,4.0,1.0,1.0,3.0,2.0,0.0,4.0,2.0,4.0,2.0,4.0,2.0,4.0,2.0,2.0
1128451888,4.0,2.0,1.0,0.0,2.0,2.0,4.0,1.0,1.0,3.0,0.0,0.0,4.0,2.0,4.0,0.0,4.0,1.0,4.0,3.0,4.0
1128452008,4.0,2.0,1.0,2.0,2.0,2.0,4.0,1.0,1.0,3.0,2.0,0.0,4.0,2.0,4.0,0.0,4.0,1.0,4.0,3.0,4.0
1128452256,4.0,2.0,1.0,0.0,2.0,2.0,4.0,1.0,1.0,3.0,0.0,0.0,4.0,2.0,4.0,0.0,4.0,1.0,4.0,3.0,4.0
1128452496,4.0,2.0,2.0,2.0,2.0,2.0,4.0,1.0,1.0,3.0,2.0,0.0,4.0,2.0,4.0,2.0,4.0,1.0,4.0,2.0,2.0
1127073752,4.0,2.0,1.0,0.0,2.0,2.0,4.0,1.0,1.0,3.0,0.0,0.0,4.0,2.0,4.0,0.0,4.0,1.0,4.0,3.0,4.0
1135346448,1.0,2.0,2.0,2.0,4.0,2.0,4.0,1.0,4.0,4.0,2.0,1.0,1.0,2.0,4.0,3.0,4.0,1.0,4.0,3.0,2.0
1105360912,1.0,2.0,2.0,2.0,4.0,1.0,4.0,1.0,1.0,3.0,2.0,1.0,4.0,2.0,4.0,3.0,4.0,1.0,4.0,3.0,2.0
1104927776,4.0,2.0,1.0,2.0,2.0,2.0,4.0,1.0,4.0,3.0,0.0,1.0,4.0,2.0,4.0,3.0,4.0,1.0,4.0,3.0,2.0
1126213088,4.0,2.0,2.0,2.0,2.0,2.0,4.0,1.0,1.0,3.0,2.0,0.0,4.0,3.0,4.0,2.0,4.0,2.0,4.0,2.0,2.0
1126211376,4.0,2.0,1.0,0.0,2.0,2.0,4.0,1.0,1.0,3.0,0.0,0.0,4.0,2.0,4.0,0.0,4.0,1.0,4.0,3.0,4.0
1126211256,4.0,2.0,1.0,0.0,2.0,2.0,4.0,1.0,1.0,3.0,0.0,0.0,4.0,2.0,4.0,0.0,4.0,1.0,4.0,3.0,4.0
1126211744,4.0,2.0,1.0,0.0,2.0,2.0,4.0,1.0,1.0,3.0,0.0,0.0,4.0,2.0,4.0,0.0,4.0,1.0,4.0,3.0,4.0
1133795368,1.0,2.0,2.0,2.0,4.0,2.0,4.0,1.0,4.0,4.0,2.0,1.0,1.0,2.0,4.0,3.0,4.0,1.0,4.0,3.0,2.0
1127245472,4.0,2.0,1.0,0.0,2.0,2.0,4.0,1.0,1.0,3.0,0.0,0.0,4.0,2.0,4.0,0.0,4.0,1.0,4.0,3.0,4.0
1127245712,4.0,2.0,1.0,0.0,2.0,2.0,4.0,1.0,1.0,3.0,0.0,0.0,4.0,2.0,4.0,0.0,4.0,1.0,4.0,3.0,4.0
1126126192,4.0,2.0,2.0,2.0,2.0,3.0,4.0,3.0,2.0,3.0,4.0,4.0,4.0,4.0,3.0,4.0,4.0,4.0,3.0,4.0,3.0
1127245224,4.0,2.0,1.0,0.0,2.0,2.0,4.0,1.0,1.0,3.0,0.0,0.0,4.0,2.0,4.0,0.0,4.0,1.0,4.0,3.0,4.0
1126211984,4.0,2.0,2.0,2.0,2.0,2.0,4.0,1.0,1.0,3.0,2.0,0.0,4.0,2.0,4.0,2.0,4.0,2.0,4.0,2.0,2.0
1127245832,4.0,2.0,1.0,0.0,2.0,2.0,4.0,1.0,1.0,3.0,0.0,0.0,4.0,2.0,4.0,0.0,4.0,1.0,4.0,3.0,4.0
1133794152,4.0,2.0,1.0,0.0,2.0,2.0,4.0,1.0,4.0,3.0,0.0,1.0,1.0,2.0,4.0,0.0,4.0,1.0,4.0,3.0,4.0
1126212112,4.0,2.0,2.0,2.0,2.0,2.0,4.0,1.0,1.0,3.0,2.0,0.0,4.0,2.0,4.0,2.0,4.0,2.0,4.0,2.0,2.0
1127245952,4.0,2.0,1.0,0.0,2.0,2.0,4.0,1.0,1.0,3.0,0.0,0.0,4.0,2.0,4.0,0.0,4.0,1.0,4.0,3.0,4.0
1105102056,4.0,2.0,1.0,0.0,2.0,2.0,4.0,1.0,4.0,3.0,0.0,1.0,4.0,2.0,4.0,0.0,4.0,1.0,4.0,3.0,4.0
1133793904,1.0,2.0,2.0,2.0,4.0,2.0,4.0,1.0,4.0,4.0,2.0,1.0,1.0,2.0,4.0,3.0,4.0,1.0,4.0,3.0,2.0
1133623168,1.0,2.0,2.0,2.0,4.0,2.0,4.0,1.0,4.0,4.0,2.0,1.0,1.0,2.0,4.0,3.0,4.0,1.0,4.0,3.0,2.0
1133622920,1.0,2.0,2.0,2.0,4.0,2.0,4.0,1.0,4.0,4.0,2.0,1.0,1.0,2.0,4.0,3.0,4.0,1.0,4.0,3.0,2.0
1105016376,1.0,2.0,2.0,2.0,4.0,0.0,0.0,0.0,0.0,0.0,2.0,1.0,4.0,2.0,4.0,3.0,4.0,1.0,4.0,3.0,2.0
1126212472,4.0,2.0,2.0,2.0,2.0,2.0,4.0,1.0,1.0,3.0,2.0,0.0,4.0,2.0,4.0,2.0,4.0,2.0,4.0,2.0,2.0
1126039416,4.0,2.0,1.0,0.0,2.0,2.0,4.0,1.0,1.0,3.0,0.0,0.0,4.0,2.0,4.0,0.0,4.0,1.0,4.0,3.0,4.0
1128194496,4.0,2.0,2.0,2.0,2.0,3.0,4.0,3.0,2.0,3.0,4.0,4.0,4.0,4.0,3.0,4.0,4.0,4.0,3.0,4.0,3.0
1104927656,1.0,2.0,2.0,2.0,4.0,2.0,4.0,1.0,1.0,3.0,2.0,1.0,4.0,3.0,4.0,3.0,4.0,1.0,4.0,3.0,2.0
1126125576,4.0,2.0,2.0,2.0,2.0,3.0,4.0,3.0,2.0,3.0,4.0,4.0,4.0,4.0,3.0,4.0,4.0,4.0,3.0,4.0,3.0
1129485856,4.0,2.0,1.0,0.0,2.0,2.0,4.0,1.0,1.0,3.0,0.0,0.0,4.0,2.0,4.0,0.0,4.0,1.0,4.0,3.0,4.0
1128451768,4.0,2.0,2.0,2.0,2.0,2.0,4.0,1.0,1.0,3.0,2.0,0.0,4.0,2.0,4.0,2.0,4.0,2.0,4.0,2.0,2.0
1129487320,4.0,2.0,1.0,0.0,2.0,2.0,4.0,1.0,1.0,3.0,0.0,1.0,4.0,2.0,4.0,0.0,4.0,1.0,4.0,3.0,4.0
1129658184,4.0,2.0,2.0,2.0,2.0,2.0,4.0,1.0,1.0,3.0,2.0,0.0,4.0,6.0,4.0,2.0,4.0,2.0,4.0,2.0,2.0
1128624824,4.0,2.0,1.0,0.0,2.0,2.0,4.0,1.0,1.0,3.0,0.0,1.0,4.0,2.0,4.0,0.0,4.0,1.0,4.0,3.0,4.0
1124144168,4.0,2.0,2.0,2.0,2.0,2.0,4.0,1.0,1.0,3.0,2.0,0.0,4.0,2.0,4.0,2.0,4.0,2.0,4.0,2.0,2.0
1124746464,4.0,2.0,1.0,2.0,2.0,2.0,4.0,1.0,1.0,3.0,2.0,0.0,4.0,2.0,4.0,3.0,4.0,1.0,4.0,3.0,2.0
1132070600,4.0,2.0,2.0,2.0,2.0,2.0,4.0,1.0,1.0,3.0,2.0,0.0,4.0,2.0,4.0,2.0,4.0,2.0,4.0,2.0,2.0
1124833608,4.0,2.0,1.0,2.0,2.0,2.0,4.0,1.0,1.0,3.0,2.0,0.0,4.0,2.0,4.0,0.0,4.0,1.0,4.0,3.0,4.0
1129314136,4.0,2.0,2.0,2.0,2.0,2.0,4.0,1.0,1.0,3.0,2.0,0.0,4.0,2.0,4.0,2.0,4.0,1.0,4.0,2.0,2.0
1129314016,4.0,2.0,2.0,2.0,2.0,2.0,4.0,1.0,1.0,3.0,2.0,0.0,4.0,2.0,4.0,2.0,4.0,2.0,4.0,2.0,2.0
1124489192,4.0,2.0,2.0,2.0,2.0,2.0,4.0,1.0,1.0,3.0,2.0,0.0,4.0,6.0,4.0,2.0,4.0,2.0,4.0,2.0,2.0
1129487200,4.0,2.0,1.0,0.0,2.0,2.0,4.0,1.0,1.0,3.0,0.0,1.0,4.0,2.0,4.0,0.0,4.0,1.0,4.0,3.0,4.0
1124748176,4.0,2.0,1.0,0.0,2.0,2.0,4.0,1.0,1.0,3.0,0.0,0.0,4.0,2.0,4.0,0.0,4.0,1.0,4.0,3.0,4.0
1124747808,4.0,2.0,2.0,2.0,2.0,2.0,4.0,1.0,1.0,3.0,2.0,0.0,4.0,2.0,4.0,2.0,4.0,2.0,4.0,2.0,2.0
1123885192,4.0,2.0,2.0,2.0,2.0,2.0,4.0,1.0,1.0,3.0,2.0,0.0,4.0,2.0,4.0,2.0,4.0,2.0,4.0,2.0,2.0
1128969240,4.0,2.0,1.0,0.0,2.0,2.0,4.0,1.0,1.0,3.0,0.0,0.0,4.0,2.0,4.0,6.0,4.0,6.0,4.0,3.0,4.0
1128968992,4.0,2.0,2.0,2.0,2.0,2.0,4.0,1.0,1.0,3.0,2.0,0.0,4.0,2.0,6.0,6.0,4.0,6.0,4.0,2.0,2.0
1124747320,4.0,2.0,1.0,2.0,2.0,2.0,4.0,1.0,1.0,3.0,2.0,0.0,4.0,2.0,4.0,0.0,4.0,1.0,4.0,3.0,4.0
1124747200,4.0,2.0,1.0,0.0,2.0,2.0,4.0,1.0,1.0,3.0,0.0,0.0,4.0,2.0,4.0,0.0,4.0,1.0,4.0,3.0,4.0
1124747072,4.0,2.0,1.0,0.0,2.0,2.0,4.0,1.0,1.0,3.0,0.0,0.0,4.0,2.0,4.0,0.0,4.0,1.0,4.0,3.0,4.0
1124746952,4.0,2.0,1.0,0.0,2.0,2.0,4.0,1.0,1.0,3.0,0.0,0.0,4.0,2.0,4.0,0.0,4.0,1.0,4.0,3.0,4.0
1124746832,4.0,2.0,1.0,0.0,2.0,2.0,4.0,1.0,1.0,3.0,0.0,1.0,4.0,2.0,4.0,0.0,4.0,1.0,4.0,3.0,4.0
1124746712,4.0,2.0,1.0,2.0,2.0,2.0,4.0,1.0,1.0,3.0,2.0,0.0,4.0,2.0,4.0,0.0,4.0,1.0,4.0,3.0,4.0
1124747928,4.0,2.0,1.0,2.0,2.0,2.0,4.0,1.0,1.0,3.0,2.0,0.0,4.0,2.0,4.0,3.0,4.0,1.0,4.0,3.0,4.0
1129487072,4.0,2.0,1.0,0.0,2.0,2.0,4.0,1.0,1.0,3.0,0.0,0.0,4.0,2.0,4.0,0.0,4.0,1.0,4.0,3.0,4.0
1132070840,4.0,2.0,1.0,2.0,2.0,2.0,4.0,1.0,1.0,3.0,2.0,0.0,4.0,2.0,4.0,0.0,4.0,1.0,4.0,3.0,2.0
1124403152,4.0,2.0,1.0,0.0,2.0,2.0,4.0,1.0,1.0,3.0,0.0,0.0,4.0,6.0,4.0,0.0,4.0,1.0,4.0,3.0,4.0
1129485976,4.0,2.0,1.0,0.0,2.0,2.0,4.0,1.0,1.0,3.0,0.0,1.0,4.0,2.0,4.0,0.0,4.0,1.0,4.0,3.0,4.0
1129486096,4.0,2.0,1.0,2.0,2.0,2.0,4.0,1.0,1.0,3.0,2.0,0.0,4.0,2.0,4.0,0.0,4.0,1.0,4.0,3.0,4.0
1129486224,4.0,2.0,1.0,2.0,2.0,2.0,4.0,1.0,1.0,3.0,2.0,0.0,4.0,2.0,4.0,0.0,4.0,1.0,4.0,2.0,4.0
1105532872,1.0,2.0,2.0,2.0,4.0,1.0,4.0,1.0,1.0,3.0,2.0,1.0,4.0,2.0,4.0,3.0,4.0,1.0,4.0,3.0,2.0
1129486344,4.0,2.0,1.0,0.0,2.0,2.0,4.0,1.0,1.0,3.0,0.0,0.0,4.0,2.0,4.0,0.0,4.0,1.0,4.0,3.0,4.0
1129486464,4.0,2.0,1.0,0.0,2.0,2.0,4.0,1.0,1.0,3.0,0.0,0.0,4.0,2.0,4.0,0.0,4.0,1.0,4.0,3.0,4.0
1129486584,4.0,2.0,1.0,0.0,2.0,2.0,4.0,1.0,1.0,3.0,0.0,0.0,4.0,2.0,4.0,0.0,4.0,1.0,4.0,3.0,4.0
1124403272,4.0,2.0,1.0,0.0,2.0,2.0,4.0,1.0,1.0,3.0,0.0,0.0,4.0,6.0,4.0,0.0,4.0,1.0,4.0,3.0,4.0
1128624096,4.0,2.0,2.0,2.0,2.0,2.0,4.0,1.0,1.0,3.0,2.0,0.0,4.0,2.0,4.0,2.0,4.0,2.0,4.0,2.0,2.0
1128624216,4.0,2.0,2.0,2.0,2.0,2.0,4.0,1.0,1.0,3.0,2.0,0.0,4.0,2.0,4.0,2.0,4.0,2.0,4.0,2.0,2.0
1129486712,4.0,2.0,1.0,0.0,2.0,2.0,4.0,1.0,1.0,3.0,0.0,0.0,4.0,2.0,4.0,0.0,4.0,1.0,4.0,3.0,4.0
1128624456,4.0,2.0,1.0,2.0,2.0,2.0,4.0,1.0,1.0,3.0,2.0,0.0,4.0,2.0,4.0,0.0,4.0,1.0,4.0,3.0,4.0
1124403032,4.0,2.0,1.0,0.0,2.0,2.0,4.0,1.0,1.0,3.0,0.0,0.0,4.0,6.0,4.0,0.0,4.0,1.0,4.0,3.0,4.0
1129486832,4.0,2.0,1.0,0.0,2.0,2.0,4.0,1.0,1.0,3.0,0.0,0.0,4.0,2.0,4.0,0.0,4.0,1.0,4.0,3.0,4.0
1129486952,4.0,2.0,1.0,0.0,2.0,2.0,4.0,1.0,1.0,3.0,0.0,0.0,4.0,2.0,4.0,0.0,4.0,1.0,4.0,3.0,4.0
1124402784,4.0,2.0,2.0,2.0,2.0,2.0,4.0,1.0,1.0,3.0,2.0,0.0,4.0,6.0,4.0,2.0,4.0,1.0,4.0,2.0,2.0
1128624584,4.0,2.0,1.0,0.0,2.0,2.0,4.0,1.0,1.0,3.0,0.0,0.0,4.0,2.0,4.0,0.0,4.0,1.0,4.0,3.0,4.0
1127160768,2.0,3.0,3.0,3.0,1.0,3.0,2.0,3.0,2.0,1.0,4.0,4.0,3.0,6.0,3.0,4.0,3.0,4.0,3.0,4.0,3.0
1129401152,2.0,3.0,3.0,3.0,1.0,3.0,2.0,3.0,2.0,1.0,4.0,4.0,3.0,4.0,3.0,4.0,3.0,4.0,3.0,4.0,3.0
1129657944,2.0,3.0,3.0,3.0,3.0,4.0,1.0,4.0,3.0,2.0,3.0,3.0,0.0,6.0,2.0,2.0,3.0,2.0,0.0,3.0,4.0
1127160280,2.0,3.0,3.0,3.0,1.0,3.0,2.0,3.0,2.0,1.0,4.0,4.0,3.0,6.0,3.0,4.0,3.0,4.0,3.0,4.0,3.0
1129399816,2.0,3.0,3.0,3.0,1.0,3.0,2.0,3.0,2.0,1.0,4.0,4.0,3.0,4.0,3.0,4.0,3.0,4.0,3.0,4.0,3.0
1129400664,2.0,3.0,3.0,3.0,1.0,3.0,2.0,3.0,2.0,1.0,4.0,4.0,3.0,4.0,3.0,4.0,3.0,4.0,3.0,4.0,3.0
1129659648,2.0,3.0,3.0,3.0,3.0,4.0,1.0,4.0,3.0,2.0,3.0,3.0,0.0,6.0,2.0,2.0,3.0,2.0,0.0,2.0,4.0
1133794880,1.0,3.0,3.0,4.0,4.0,4.0,1.0,2.0,4.0,4.0,3.0,2.0,1.0,0.0,4.0,3.0,2.0,3.0,0.0,1.0,2.0
1128968624,2.0,3.0,3.0,3.0,3.0,4.0,1.0,4.0,3.0,2.0,3.0,3.0,0.0,0.0,6.0,6.0,3.0,6.0,0.0,3.0,4.0
1128969112,2.0,3.0,3.0,3.0,3.0,4.0,1.0,4.0,3.0,2.0,3.0,3.0,0.0,0.0,2.0,6.0,3.0,6.0,0.0,2.0,2.0
1129314744,2.0,3.0,3.0,3.0,3.0,4.0,1.0,4.0,3.0,2.0,3.0,3.0,0.0,0.0,2.0,1.0,3.0,2.0,0.0,2.0,4.0
1135173384,1.0,3.0,3.0,4.0,4.0,4.0,1.0,2.0,4.0,4.0,3.0,2.0,1.0,3.0,4.0,3.0,2.0,3.0,2.0,1.0,2.0
1128969600,2.0,3.0,3.0,3.0,3.0,4.0,1.0,4.0,3.0,2.0,3.0,3.0,0.0,0.0,6.0,2.0,3.0,6.0,2.0,2.0,4.0
1129659400,2.0,3.0,3.0,3.0,3.0,4.0,1.0,4.0,3.0,2.0,3.0,3.0,0.0,6.0,2.0,1.0,3.0,2.0,0.0,2.0,4.0
1129659280,2.0,3.0,3.0,3.0,3.0,4.0,1.0,4.0,3.0,2.0,3.0,3.0,0.0,6.0,2.0,2.0,3.0,2.0,2.0,2.0,4.0
1128969968,2.0,3.0,3.0,3.0,3.0,4.0,1.0,4.0,3.0,2.0,3.0,3.0,0.0,0.0,6.0,2.0,3.0,6.0,2.0,2.0,4.0
1129658552,2.0,3.0,3.0,3.0,3.0,4.0,1.0,4.0,3.0,2.0,3.0,3.0,0.0,6.0,2.0,2.0,3.0,2.0,0.0,2.0,2.0
1135174120,1.0,3.0,3.0,4.0,4.0,4.0,1.0,2.0,4.0,4.0,3.0,2.0,1.0,3.0,4.0,3.0,2.0,3.0,0.0,1.0,2.0
1129313528,2.0,3.0,3.0,3.0,3.0,4.0,1.0,4.0,3.0,2.0,3.0,3.0,0.0,0.0,2.0,2.0,3.0,2.0,0.0,2.0,2.0
1129658304,2.0,3.0,3.0,3.0,3.0,4.0,1.0,4.0,3.0,2.0,3.0,3.0,0.0,6.0,2.0,2.0,3.0,2.0,0.0,2.0,4.0
1129313648,2.0,3.0,3.0,3.0,3.0,4.0,1.0,4.0,3.0,2.0,3.0,3.0,0.0,0.0,2.0,2.0,3.0,2.0,0.0,2.0,4.0
1133795496,1.0,3.0,3.0,4.0,4.0,4.0,1.0,2.0,4.0,4.0,3.0,2.0,1.0,3.0,4.0,3.0,2.0,3.0,0.0,1.0,2.0
1133794520,1.0,3.0,3.0,4.0,4.0,4.0,1.0,2.0,4.0,4.0,3.0,2.0,1.0,3.0,4.0,3.0,2.0,3.0,0.0,1.0,2.0
1132329456,2.0,3.0,3.0,3.0,1.0,3.0,2.0,3.0,2.0,1.0,4.0,4.0,3.0,4.0,3.0,4.0,3.0,4.0,3.0,4.0,3.0
1133794272,1.0,3.0,3.0,4.0,4.0,4.0,1.0,2.0,4.0,4.0,3.0,2.0,1.0,3.0,4.0,3.0,2.0,3.0,0.0,1.0,0.0
1128366088,2.0,3.0,3.0,3.0,3.0,3.0,2.0,3.0,2.0,1.0,4.0,4.0,3.0,4.0,3.0,4.0,3.0,4.0,3.0,4.0,3.0
1132761368,2.0,3.0,3.0,3.0,3.0,4.0,1.0,4.0,3.0,2.0,3.0,3.0,0.0,0.0,2.0,1.0,3.0,2.0,0.0,2.0,4.0
1128366336,2.0,3.0,3.0,3.0,3.0,3.0,2.0,3.0,2.0,1.0,4.0,4.0,3.0,4.0,3.0,4.0,3.0,4.0,3.0,4.0,3.0
1132760640,2.0,3.0,3.0,3.0,3.0,4.0,1.0,4.0,3.0,2.0,3.0,3.0,0.0,0.0,2.0,2.0,3.0,2.0,0.0,1.0,4.0
1132760392,2.0,3.0,3.0,3.0,3.0,4.0,1.0,4.0,3.0,2.0,3.0,3.0,0.0,0.0,2.0,2.0,3.0,2.0,0.0,2.0,2.0
1132760272,2.0,3.0,3.0,3.0,3.0,4.0,1.0,4.0,3.0,2.0,3.0,3.0,0.0,0.0,2.0,2.0,3.0,2.0,0.0,1.0,4.0
1128366816,2.0,3.0,3.0,3.0,1.0,3.0,2.0,3.0,2.0,1.0,4.0,4.0,3.0,4.0,3.0,4.0,3.0,4.0,3.0,4.0,3.0
1132760152,2.0,3.0,3.0,3.0,3.0,4.0,1.0,4.0,3.0,2.0,3.0,3.0,0.0,0.0,2.0,2.0,3.0,2.0,0.0,2.0,2.0
1132760032,2.0,3.0,3.0,3.0,3.0,4.0,1.0,4.0,3.0,2.0,3.0,3.0,0.0,0.0,1.0,2.0,3.0,2.0,0.0,2.0,2.0
1132845952,2.0,3.0,3.0,3.0,3.0,3.0,2.0,3.0,2.0,1.0,4.0,4.0,3.0,4.0,3.0,4.0,3.0,4.0,3.0,4.0,3.0
1128366944,2.0,3.0,3.0,3.0,1.0,3.0,2.0,3.0,2.0,1.0,4.0,4.0,3.0,4.0,3.0,4.0,3.0,4.0,3.0,4.0,3.0
1132071576,2.0,3.0,3.0,3.0,3.0,4.0,1.0,4.0,3.0,2.0,3.0,3.0,0.0,0.0,2.0,2.0,3.0,2.0,2.0,2.0,4.0
1132072056,2.0,3.0,3.0,3.0,3.0,4.0,1.0,4.0,3.0,2.0,3.0,3.0,0.0,0.0,2.0,1.0,3.0,2.0,0.0,2.0,4.0
1132329208,2.0,3.0,3.0,3.0,1.0,3.0,2.0,3.0,2.0,1.0,4.0,4.0,3.0,4.0,3.0,4.0,3.0,4.0,3.0,4.0,3.0
1128539024,2.0,3.0,3.0,3.0,1.0,3.0,2.0,3.0,2.0,1.0,4.0,4.0,3.0,4.0,3.0,4.0,3.0,4.0,3.0,4.0,3.0
1128453232,2.0,3.0,3.0,3.0,3.0,4.0,1.0,4.0,3.0,2.0,3.0,3.0,0.0,0.0,2.0,2.0,3.0,2.0,0.0,2.0,4.0
1128538784,2.0,3.0,3.0,3.0,1.0,3.0,2.0,3.0,2.0,1.0,4.0,4.0,3.0,4.0,3.0,4.0,3.0,4.0,3.0,4.0,3.0
1132329944,2.0,3.0,3.0,3.0,1.0,3.0,2.0,3.0,2.0,1.0,4.0,4.0,3.0,4.0,3.0,4.0,3.0,4.0,3.0,4.0,3.0
1132329696,2.0,3.0,3.0,3.0,3.0,3.0,2.0,3.0,2.0,1.0,4.0,4.0,3.0,4.0,3.0,4.0,3.0,4.0,3.0,4.0,3.0
1132329576,2.0,3.0,3.0,3.0,3.0,3.0,2.0,3.0,2.0,1.0,4.0,4.0,3.0,4.0,3.0,4.0,3.0,4.0,3.0,4.0,3.0
1128623968,2.0,3.0,3.0,3.0,3.0,4.0,1.0,4.0,3.0,2.0,3.0,3.0,0.0,0.0,2.0,1.0,3.0,2.0,0.0,3.0,4.0
1128365968,2.0,3.0,3.0,3.0,1.0,3.0,2.0,3.0,2.0,1.0,4.0,4.0,3.0,4.0,3.0,4.0,3.0,4.0,3.0,4.0,3.0
1128365848,2.0,3.0,3.0,3.0,1.0,3.0,2.0,3.0,2.0,1.0,4.0,4.0,3.0,4.0,3.0,4.0,3.0,4.0,3.0,4.0,3.0
1128624704,2.0,3.0,3.0,3.0,3.0,4.0,1.0,4.0,3.0,2.0,3.0,3.0,0.0,0.0,2.0,2.0,3.0,2.0,0.0,3.0,4.0
1127246440,2.0,3.0,3.0,3.0,3.0,4.0,1.0,4.0,3.0,2.0,3.0,3.0,0.0,0.0,2.0,2.0,3.0,2.0,2.0,2.0,2.0
1128538536,2.0,3.0,3.0,3.0,3.0,3.0,2.0,3.0,2.0,1.0,4.0,4.0,3.0,4.0,3.0,4.0,3.0,4.0,3.0,4.0,3.0
1133622680,1.0,3.0,3.0,4.0,4.0,4.0,1.0,2.0,4.0,4.0,3.0,2.0,1.0,3.0,4.0,3.0,2.0,3.0,2.0,1.0,2.0
1133622552,1.0,3.0,3.0,4.0,4.0,4.0,1.0,2.0,4.0,4.0,3.0,2.0,1.0,0.0,4.0,3.0,2.0,3.0,0.0,1.0,2.0
1133622312,1.0,3.0,3.0,4.0,4.0,4.0,1.0,2.0,4.0,4.0,3.0,2.0,1.0,3.0,4.0,3.0,2.0,3.0,0.0,1.0,2.0
1128193880,2.0,3.0,3.0,3.0,3.0,3.0,2.0,3.0,2.0,1.0,4.0,4.0,3.0,4.0,3.0,4.0,3.0,4.0,3.0,4.0,3.0
1128194000,2.0,3.0,3.0,3.0,3.0,3.0,2.0,3.0,2.0,1.0,4.0,4.0,3.0,4.0,3.0,4.0,3.0,4.0,3.0,4.0,3.0
1133622064,1.0,3.0,3.0,4.0,4.0,4.0,1.0,2.0,4.0,4.0,3.0,2.0,1.0,3.0,4.0,3.0,2.0,3.0,0.0,1.0,2.0
1128194128,2.0,3.0,3.0,3.0,1.0,3.0,2.0,3.0,2.0,1.0,4.0,4.0,3.0,4.0,3.0,4.0,3.0,4.0,3.0,4.0,3.0
1133621944,1.0,3.0,3.0,4.0,4.0,4.0,1.0,2.0,4.0,4.0,3.0,2.0,1.0,3.0,4.0,3.0,2.0,3.0,0.0,1.0,0.0
1128194368,2.0,3.0,3.0,3.0,1.0,3.0,2.0,3.0,2.0,1.0,4.0,4.0,3.0,4.0,3.0,4.0,3.0,4.0,3.0,4.0,3.0
1133621576,1.0,3.0,3.0,4.0,4.0,4.0,1.0,2.0,4.0,4.0,3.0,2.0,1.0,3.0,4.0,3.0,2.0,3.0,0.0,1.0,2.0
1132847536,2.0,3.0,3.0,3.0,1.0,3.0,2.0,3.0,2.0,1.0,4.0,4.0,3.0,4.0,3.0,4.0,3.0,4.0,3.0,4.0,3.0
1128710864,2.0,3.0,3.0,3.0,3.0,3.0,2.0,3.0,2.0,1.0,4.0,4.0,3.0,4.0,6.0,6.0,6.0,6.0,3.0,4.0,3.0
1130261824,2.0,3.0,3.0,3.0,3.0,3.0,2.0,3.0,2.0,1.0,4.0,4.0,3.0,6.0,3.0,4.0,3.0,4.0,3.0,4.0,3.0
1128365480,2.0,3.0,3.0,3.0,3.0,3.0,2.0,3.0,2.0,1.0,4.0,4.0,3.0,4.0,3.0,4.0,3.0,4.0,3.0,4.0,3.0
1132847048,2.0,3.0,3.0,3.0,1.0,3.0,2.0,3.0,2.0,1.0,4.0,4.0,3.0,4.0,3.0,4.0,3.0,4.0,3.0,4.0,3.0
1128710744,2.0,3.0,3.0,3.0,3.0,3.0,2.0,3.0,2.0,1.0,4.0,4.0,3.0,4.0,6.0,6.0,6.0,6.0,3.0,4.0,3.0
1128710624,2.0,3.0,3.0,3.0,1.0,3.0,2.0,3.0,2.0,1.0,4.0,4.0,3.0,4.0,6.0,6.0,6.0,6.0,3.0,4.0,3.0
1128625680,2.0,3.0,3.0,3.0,3.0,4.0,1.0,4.0,3.0,2.0,3.0,3.0,0.0,0.0,2.0,2.0,3.0,2.0,0.0,2.0,4.0
1132071208,2.0,3.0,3.0,3.0,3.0,4.0,1.0,4.0,3.0,2.0,3.0,3.0,0.0,0.0,2.0,2.0,3.0,2.0,0.0,1.0,4.0
1130261208,2.0,3.0,3.0,3.0,1.0,3.0,2.0,3.0,2.0,1.0,4.0,4.0,3.0,6.0,3.0,4.0,3.0,4.0,3.0,4.0,3.0
1127246568,2.0,3.0,3.0,3.0,3.0,4.0,1.0,4.0,3.0,2.0,3.0,3.0,0.0,0.0,2.0,2.0,3.0,2.0,2.0,2.0,4.0
1126298272,2.0,3.0,3.0,3.0,3.0,3.0,2.0,3.0,2.0,1.0,4.0,4.0,3.0,4.0,3.0,4.0,3.0,4.0,3.0,4.0,3.0
1126988320,2.0,3.0,3.0,3.0,1.0,3.0,2.0,3.0,2.0,1.0,4.0,4.0,3.0,4.0,3.0,4.0,3.0,4.0,3.0,4.0,3.0
1124402056,2.0,3.0,3.0,3.0,3.0,4.0,1.0,4.0,3.0,2.0,3.0,3.0,0.0,6.0,1.0,2.0,3.0,2.0,0.0,2.0,4.0
1124316864,2.0,3.0,3.0,3.0,3.0,4.0,1.0,4.0,3.0,2.0,3.0,3.0,0.0,0.0,2.0,2.0,3.0,2.0,2.0,2.0,2.0
1124316624,2.0,3.0,3.0,3.0,3.0,4.0,1.0,4.0,3.0,2.0,3.0,3.0,0.0,0.0,2.0,2.0,3.0,2.0,2.0,3.0,4.0
1124315888,2.0,3.0,3.0,3.0,3.0,4.0,1.0,4.0,3.0,2.0,3.0,3.0,0.0,0.0,1.0,2.0,3.0,2.0,0.0,2.0,4.0
1124315768,2.0,3.0,3.0,3.0,3.0,4.0,1.0,4.0,3.0,2.0,3.0,3.0,0.0,0.0,2.0,2.0,3.0,2.0,0.0,3.0,4.0
1124230456,2.0,3.0,3.0,3.0,3.0,4.0,1.0,4.0,3.0,2.0,3.0,3.0,0.0,0.0,2.0,2.0,3.0,2.0,2.0,3.0,4.0
1124230336,2.0,3.0,3.0,3.0,3.0,4.0,1.0,4.0,3.0,2.0,3.0,3.0,0.0,0.0,2.0,2.0,3.0,2.0,0.0,3.0,4.0
1124402416,2.0,3.0,3.0,3.0,3.0,4.0,1.0,4.0,3.0,2.0,3.0,3.0,0.0,6.0,2.0,2.0,3.0,2.0,0.0,2.0,2.0
1127159424,2.0,3.0,3.0,3.0,1.0,3.0,2.0,3.0,2.0,1.0,4.0,4.0,3.0,6.0,3.0,4.0,3.0,4.0,3.0,4.0,3.0
1124229480,2.0,3.0,3.0,3.0,3.0,4.0,1.0,4.0,3.0,2.0,3.0,3.0,0.0,0.0,2.0,1.0,1.0,2.0,0.0,2.0,0.0
1124143560,2.0,3.0,3.0,3.0,3.0,4.0,1.0,4.0,3.0,2.0,3.0,3.0,0.0,0.0,1.0,2.0,3.0,2.0,0.0,2.0,4.0
1124143440,2.0,3.0,3.0,3.0,3.0,4.0,1.0,4.0,3.0,2.0,3.0,3.0,0.0,0.0,2.0,2.0,3.0,2.0,0.0,3.0,4.0
1124057400,2.0,3.0,3.0,3.0,3.0,4.0,1.0,4.0,3.0,2.0,3.0,3.0,0.0,0.0,1.0,2.0,3.0,2.0,0.0,2.0,4.0
1124057152,2.0,3.0,3.0,3.0,3.0,4.0,1.0,4.0,3.0,2.0,3.0,3.0,0.0,0.0,4.0,4.0,4.0,1.0,0.0,2.0,0.0
1123971480,2.0,3.0,3.0,3.0,3.0,4.0,1.0,4.0,3.0,2.0,3.0,3.0,0.0,6.0,2.0,2.0,3.0,2.0,0.0,2.0,4.0
1123970992,2.0,3.0,3.0,3.0,3.0,4.0,1.0,4.0,3.0,2.0,3.0,3.0,0.0,6.0,2.0,1.0,1.0,2.0,0.0,2.0,0.0
1124229728,2.0,3.0,3.0,3.0,3.0,4.0,1.0,4.0,3.0,2.0,3.0,3.0,0.0,0.0,1.0,2.0,3.0,2.0,0.0,2.0,4.0
1105619648,1.0,3.0,3.0,3.0,4.0,1.0,1.0,2.0,4.0,4.0,3.0,2.0,0.0,0.0,4.0,3.0,2.0,3.0,0.0,1.0,2.0
1124402664,2.0,3.0,3.0,3.0,3.0,4.0,1.0,4.0,3.0,2.0,3.0,3.0,0.0,6.0,2.0,2.0,3.0,2.0,0.0,3.0,4.0
1124488216,2.0,3.0,3.0,3.0,3.0,4.0,1.0,4.0,3.0,2.0,3.0,3.0,0.0,6.0,1.0,2.0,3.0,2.0,0.0,2.0,2.0
1124919160,2.0,3.0,3.0,3.0,3.0,4.0,1.0,4.0,3.0,2.0,3.0,3.0,0.0,0.0,2.0,2.0,3.0,2.0,0.0,2.0,2.0
1124919040,2.0,3.0,3.0,3.0,3.0,4.0,1.0,4.0,3.0,2.0,3.0,3.0,0.0,0.0,1.0,2.0,3.0,2.0,0.0,2.0,4.0
1124834336,2.0,3.0,3.0,3.0,3.0,4.0,1.0,4.0,3.0,2.0,3.0,3.0,0.0,0.0,2.0,2.0,3.0,2.0,0.0,2.0,4.0
1124833848,2.0,3.0,3.0,3.0,3.0,4.0,1.0,4.0,3.0,2.0,3.0,3.0,0.0,0.0,2.0,2.0,3.0,2.0,2.0,2.0,2.0
1124833120,2.0,3.0,3.0,3.0,3.0,4.0,1.0,4.0,3.0,2.0,3.0,3.0,0.0,0.0,2.0,2.0,3.0,2.0,0.0,2.0,4.0
1124832872,2.0,3.0,3.0,3.0,3.0,4.0,1.0,4.0,3.0,2.0,3.0,3.0,0.0,0.0,1.0,2.0,3.0,2.0,0.0,2.0,4.0
1124832632,2.0,3.0,3.0,3.0,3.0,4.0,1.0,4.0,3.0,2.0,3.0,3.0,0.0,0.0,2.0,1.0,1.0,2.0,0.0,2.0,0.0
1124402904,2.0,3.0,3.0,3.0,3.0,4.0,1.0,4.0,3.0,2.0,3.0,3.0,0.0,6.0,2.0,2.0,3.0,2.0,2.0,2.0,4.0
1124575968,2.0,3.0,3.0,3.0,3.0,4.0,1.0,4.0,3.0,2.0,3.0,3.0,0.0,6.0,2.0,2.0,3.0,2.0,0.0,2.0,4.0
1124574624,2.0,3.0,3.0,3.0,3.0,4.0,1.0,4.0,3.0,2.0,3.0,3.0,0.0,6.0,2.0,2.0,3.0,2.0,0.0,2.0,4.0
1124574504,2.0,3.0,3.0,3.0,3.0,4.0,1.0,4.0,3.0,2.0,3.0,3.0,0.0,6.0,2.0,2.0,3.0,2.0,0.0,2.0,2.0
1124489560,2.0,3.0,3.0,3.0,3.0,4.0,1.0,4.0,3.0,2.0,3.0,3.0,0.0,6.0,2.0,1.0,3.0,2.0,0.0,2.0,4.0
1124489072,2.0,3.0,3.0,3.0,3.0,4.0,1.0,4.0,3.0,2.0,3.0,3.0,0.0,6.0,2.0,2.0,3.0,2.0,2.0,2.0,2.0
1124488952,2.0,3.0,3.0,3.0,3.0,4.0,1.0,4.0,3.0,2.0,3.0,3.0,0.0,6.0,2.0,2.0,3.0,2.0,2.0,2.0,4.0
1124488704,2.0,3.0,3.0,3.0,3.0,4.0,1.0,4.0,3.0,2.0,3.0,3.0,0.0,6.0,2.0,2.0,3.0,2.0,0.0,2.0,2.0
1124488464,2.0,3.0,3.0,3.0,3.0,4.0,1.0,4.0,3.0,2.0,3.0,3.0,0.0,6.0,2.0,2.0,3.0,2.0,0.0,2.0,4.0
1124575480,2.0,3.0,3.0,3.0,3.0,4.0,1.0,4.0,3.0,2.0,3.0,3.0,0.0,6.0,2.0,2.0,3.0,2.0,2.0,2.0,4.0
1124919408,2.0,3.0,3.0,3.0,3.0,4.0,1.0,4.0,3.0,2.0,3.0,3.0,0.0,0.0,2.0,2.0,3.0,2.0,0.0,2.0,2.0
1105619160,1.0,3.0,3.0,3.0,4.0,4.0,1.0,2.0,4.0,4.0,3.0,2.0,0.0,0.0,4.0,3.0,2.0,3.0,0.0,1.0,2.0
1105618792,1.0,3.0,3.0,3.0,4.0,1.0,1.0,2.0,4.0,4.0,3.0,2.0,0.0,0.0,4.0,3.0,2.0,3.0,0.0,1.0,2.0
1105101808,1.0,3.0,3.0,3.0,4.0,4.0,1.0,2.0,4.0,4.0,3.0,2.0,0.0,0.0,4.0,3.0,2.0,3.0,0.0,1.0,2.0
1105101448,1.0,3.0,3.0,3.0,4.0,4.0,1.0,2.0,4.0,4.0,3.0,2.0,0.0,0.0,4.0,3.0,2.0,3.0,0.0,1.0,2.0
1105101320,1.0,3.0,3.0,3.0,4.0,4.0,1.0,2.0,4.0,4.0,3.0,2.0,0.0,0.0,4.0,3.0,2.0,3.0,0.0,1.0,0.0
1105101200,1.0,3.0,3.0,3.0,4.0,4.0,1.0,2.0,4.0,4.0,3.0,2.0,0.0,0.0,4.0,3.0,2.0,3.0,0.0,3.0,0.0
1105016256,1.0,3.0,3.0,3.0,4.0,4.0,1.0,2.0,4.0,4.0,3.0,2.0,0.0,0.0,4.0,3.0,2.0,3.0,0.0,1.0,2.0
1105015888,1.0,3.0,3.0,3.0,4.0,0.0,0.0,0.0,0.0,0.0,3.0,2.0,0.0,0.0,4.0,3.0,2.0,3.0,2.0,1.0,2.0
1105015768,1.0,3.0,3.0,3.0,4.0,0.0,0.0,0.0,4.0,4.0,3.0,2.0,0.0,0.0,4.0,3.0,2.0,3.0,0.0,1.0,2.0
1105101936,1.0,3.0,3.0,3.0,4.0,4.0,1.0,2.0,4.0,4.0,3.0,2.0,0.0,0.0,4.0,3.0,2.0,3.0,0.0,1.0,2.0
1105015648,1.0,3.0,3.0,3.0,4.0,4.0,1.0,2.0,4.0,4.0,3.0,2.0,0.0,0.0,4.0,3.0,2.0,3.0,0.0,1.0,2.0
1104927408,1.0,3.0,3.0,3.0,4.0,4.0,1.0,2.0,4.0,4.0,3.0,2.0,0.0,0.0,4.0,3.0,1.0,3.0,0.0,1.0,2.0
1104585800,1.0,3.0,3.0,3.0,4.0,4.0,1.0,2.0,4.0,4.0,3.0,2.0,0.0,0.0,4.0,3.0,2.0,3.0,0.0,1.0,2.0
1104585560,1.0,3.0,3.0,3.0,4.0,4.0,1.0,2.0,4.0,4.0,3.0,2.0,0.0,0.0,4.0,3.0,2.0,3.0,0.0,1.0,2.0
1104585072,1.0,3.0,3.0,3.0,4.0,4.0,1.0,2.0,4.0,4.0,3.0,2.0,0.0,0.0,4.0,3.0,2.0,3.0,2.0,1.0,2.0
1104584952,1.0,3.0,3.0,3.0,4.0,4.0,1.0,2.0,4.0,4.0,3.0,2.0,0.0,0.0,4.0,3.0,2.0,3.0,0.0,1.0,2.0
1104584824,1.0,3.0,3.0,3.0,4.0,4.0,1.0,2.0,4.0,4.0,3.0,2.0,0.0,0.0,4.0,3.0,2.0,3.0,0.0,1.0,2.0
1104584584,1.0,3.0,3.0,3.0,4.0,4.0,1.0,2.0,4.0,4.0,3.0,2.0,0.0,0.0,4.0,3.0,2.0,3.0,0.0,1.0,2.0
1105015528,1.0,3.0,3.0,3.0,4.0,0.0,0.0,0.0,0.0,0.0,3.0,2.0,0.0,0.0,4.0,3.0,2.0,3.0,0.0,1.0,2.0
1105618920,1.0,3.0,3.0,3.0,4.0,1.0,1.0,2.0,4.0,4.0,3.0,2.0,0.0,0.0,4.0,3.0,2.0,3.0,0.0,1.0,2.0
1105187488,1.0,3.0,3.0,3.0,4.0,4.0,1.0,2.0,4.0,4.0,3.0,2.0,0.0,0.0,4.0,3.0,2.0,3.0,0.0,1.0,0.0
1105188336,1.0,3.0,3.0,3.0,4.0,4.0,1.0,2.0,4.0,4.0,3.0,2.0,0.0,0.0,4.0,3.0,2.0,3.0,2.0,1.0,2.0
1105618304,1.0,3.0,3.0,3.0,4.0,1.0,1.0,2.0,4.0,4.0,3.0,2.0,0.0,0.0,4.0,3.0,2.0,3.0,0.0,1.0,0.0
1105618064,1.0,3.0,3.0,3.0,4.0,1.0,1.0,2.0,4.0,4.0,3.0,2.0,0.0,0.0,4.0,3.0,1.0,3.0,0.0,1.0,0.0
1105532632,1.0,3.0,3.0,3.0,4.0,1.0,1.0,2.0,4.0,4.0,3.0,2.0,0.0,0.0,4.0,3.0,2.0,3.0,0.0,1.0,2.0
1105532264,1.0,3.0,3.0,3.0,4.0,1.0,1.0,2.0,4.0,4.0,3.0,2.0,0.0,0.0,4.0,3.0,2.0,3.0,0.0,1.0,2.0
1105531896,1.0,3.0,3.0,3.0,4.0,1.0,1.0,2.0,4.0,4.0,3.0,2.0,0.0,0.0,4.0,3.0,1.0,3.0,0.0,1.0,0.0
1105447200,1.0,3.0,3.0,3.0,4.0,1.0,1.0,2.0,4.0,4.0,3.0,2.0,0.0,0.0,4.0,3.0,2.0,3.0,0.0,1.0,2.0
1105446952,1.0,3.0,3.0,3.0,4.0,4.0,1.0,2.0,4.0,4.0,3.0,2.0,0.0,0.0,4.0,3.0,2.0,3.0,2.0,1.0,2.0
1105187608,1.0,3.0,3.0,3.0,4.0,4.0,1.0,2.0,4.0,4.0,3.0,2.0,0.0,0.0,4.0,3.0,2.0,3.0,0.0,1.0,2.0
1105446832,1.0,3.0,3.0,3.0,4.0,4.0,1.0,2.0,4.0,4.0,3.0,2.0,0.0,0.0,4.0,3.0,2.0,3.0,0.0,1.0,2.0
1105445976,1.0,3.0,3.0,3.0,4.0,1.0,1.0,2.0,4.0,4.0,3.0,2.0,0.0,0.0,4.0,3.0,2.0,3.0,0.0,1.0,0.0
1105361032,1.0,3.0,3.0,3.0,4.0,1.0,1.0,2.0,4.0,4.0,3.0,2.0,0.0,0.0,4.0,3.0,2.0,3.0,0.0,1.0,2.0
1105360792,1.0,3.0,3.0,3.0,4.0,4.0,1.0,2.0,4.0,4.0,3.0,2.0,0.0,0.0,4.0,3.0,2.0,3.0,2.0,1.0,2.0
1105359696,1.0,3.0,3.0,3.0,4.0,1.0,1.0,2.0,4.0,4.0,3.0,2.0,0.0,0.0,4.0,3.0,2.0,3.0,0.0,3.0,0.0
1105359568,1.0,3.0,3.0,3.0,4.0,1.0,1.0,2.0,4.0,4.0,3.0,2.0,0.0,0.0,4.0,3.0,1.0,3.0,0.0,1.0,0.0
1105188824,1.0,3.0,3.0,3.0,4.0,4.0,1.0,2.0,4.0,4.0,3.0,2.0,0.0,0.0,4.0,3.0,2.0,3.0,0.0,1.0,2.0
1105188464,1.0,3.0,3.0,3.0,4.0,4.0,1.0,2.0,4.0,4.0,3.0,2.0,0.0,0.0,4.0,3.0,2.0,3.0,2.0,1.0,2.0
1105446712,1.0,3.0,3.0,3.0,4.0,1.0,1.0,2.0,4.0,4.0,3.0,2.0,0.0,0.0,4.0,3.0,2.0,3.0,2.0,1.0,2.0
1124919648,2.0,3.0,3.0,3.0,3.0,4.0,1.0,4.0,3.0,2.0,3.0,3.0,0.0,0.0,2.0,2.0,3.0,2.0,0.0,3.0,4.0
1124229848,2.0,3.0,3.0,3.0,3.0,4.0,1.0,4.0,3.0,2.0,3.0,3.0,0.0,0.0,2.0,2.0,3.0,2.0,0.0,2.0,2.0
1125006304,2.0,3.0,3.0,3.0,3.0,4.0,1.0,4.0,3.0,2.0,3.0,3.0,0.0,0.0,2.0,2.0,3.0,2.0,2.0,2.0,4.0
1126125336,2.0,3.0,3.0,3.0,1.0,3.0,2.0,3.0,2.0,1.0,4.0,4.0,3.0,4.0,3.0,4.0,3.0,4.0,3.0,4.0,3.0
1125953984,2.0,3.0,3.0,3.0,1.0,3.0,2.0,3.0,2.0,1.0,4.0,4.0,3.0,4.0,3.0,4.0,3.0,4.0,3.0,4.0,3.0
1126126552,2.0,3.0,3.0,3.0,1.0,3.0,2.0,3.0,2.0,1.0,4.0,4.0,3.0,4.0,3.0,4.0,3.0,4.0,3.0,4.0,3.0
1126039776,2.0,3.0,3.0,3.0,3.0,4.0,1.0,4.0,3.0,2.0,3.0,3.0,0.0,0.0,2.0,2.0,3.0,2.0,0.0,3.0,4.0
1126039904,2.0,3.0,3.0,3.0,3.0,4.0,1.0,4.0,3.0,2.0,3.0,3.0,0.0,0.0,2.0,2.0,3.0,2.0,2.0,3.0,4.0
1125005448,2.0,3.0,3.0,3.0,3.0,4.0,1.0,4.0,3.0,2.0,3.0,3.0,0.0,0.0,2.0,2.0,3.0,2.0,0.0,2.0,4.0
1126040024,2.0,3.0,3.0,3.0,3.0,4.0,1.0,4.0,3.0,2.0,3.0,3.0,0.0,0.0,2.0,2.0,3.0,2.0,2.0,2.0,4.0
1126298152,2.0,3.0,3.0,3.0,3.0,3.0,2.0,3.0,2.0,1.0,4.0,4.0,3.0,4.0,3.0,4.0,3.0,4.0,3.0,4.0,3.0
1125005200,2.0,3.0,3.0,3.0,3.0,4.0,1.0,4.0,3.0,2.0,3.0,3.0,0.0,0.0,1.0,2.0,3.0,2.0,0.0,2.0,2.0
1125005688,2.0,3.0,3.0,3.0,3.0,4.0,1.0,4.0,3.0,2.0,3.0,3.0,0.0,0.0,2.0,2.0,3.0,2.0,0.0,2.0,2.0
1126125944,2.0,3.0,3.0,3.0,3.0,3.0,2.0,3.0,2.0,1.0,4.0,4.0,3.0,4.0,3.0,4.0,3.0,4.0,3.0,4.0,3.0
1126212960,2.0,3.0,3.0,3.0,3.0,4.0,1.0,4.0,3.0,2.0,3.0,3.0,0.0,0.0,2.0,2.0,3.0,2.0,0.0,2.0,4.0
1126212600,2.0,3.0,3.0,3.0,3.0,4.0,1.0,4.0,3.0,2.0,3.0,3.0,0.0,0.0,2.0,2.0,3.0,2.0,2.0,2.0,4.0
1125005816,2.0,3.0,3.0,3.0,3.0,4.0,1.0,4.0,3.0,2.0,3.0,3.0,0.0,0.0,2.0,2.0,3.0,2.0,0.0,3.0,4.0
1125005936,2.0,3.0,3.0,3.0,3.0,4.0,1.0,4.0,3.0,2.0,3.0,3.0,0.0,0.0,2.0,2.0,3.0,2.0,2.0,3.0,4.0
1126211864,2.0,3.0,3.0,3.0,3.0,4.0,1.0,4.0,3.0,2.0,3.0,3.0,0.0,0.0,2.0,2.0,3.0,2.0,0.0,2.0,2.0
1126126432,2.0,3.0,3.0,3.0,1.0,3.0,2.0,3.0,2.0,1.0,4.0,4.0,3.0,4.0,3.0,4.0,3.0,4.0,3.0,4.0,3.0
1126211496,2.0,3.0,3.0,3.0,3.0,4.0,1.0,4.0,3.0,2.0,3.0,3.0,0.0,0.0,1.0,2.0,3.0,2.0,0.0,2.0,4.0
1126125456,2.0,3.0,3.0,3.0,1.0,3.0,2.0,3.0,2.0,1.0,4.0,4.0,3.0,4.0,3.0,4.0,3.0,4.0,3.0,4.0,3.0
1126298880,2.0,3.0,3.0,3.0,1.0,3.0,2.0,3.0,2.0,1.0,4.0,4.0,3.0,4.0,3.0,4.0,3.0,4.0,3.0,4.0,3.0
1125953616,2.0,3.0,3.0,3.0,3.0,3.0,2.0,3.0,2.0,1.0,4.0,4.0,3.0,4.0,3.0,4.0,3.0,4.0,3.0,4.0,3.0
1125006424,2.0,3.0,3.0,3.0,3.0,4.0,1.0,4.0,3.0,2.0,3.0,3.0,0.0,0.0,2.0,2.0,3.0,2.0,2.0,2.0,4.0
1124919888,2.0,3.0,3.0,3.0,3.0,4.0,1.0,4.0,3.0,2.0,3.0,3.0,0.0,0.0,2.0,2.0,3.0,2.0,2.0,2.0,4.0
1126039048,2.0,3.0,3.0,3.0,3.0,4.0,1.0,4.0,3.0,2.0,3.0,3.0,0.0,0.0,2.0,2.0,3.0,2.0,0.0,3.0,4.0
1126040632,2.0,3.0,3.0,3.0,3.0,4.0,1.0,4.0,3.0,2.0,3.0,3.0,0.0,0.0,2.0,2.0,3.0,2.0,0.0,2.0,4.0
1126988072,2.0,3.0,3.0,3.0,1.0,3.0,2.0,3.0,2.0,1.0,4.0,4.0,3.0,4.0,3.0,4.0,3.0,4.0,3.0,4.0,3.0
1126987952,2.0,3.0,3.0,3.0,1.0,3.0,2.0,3.0,2.0,1.0,4.0,4.0,3.0,4.0,3.0,4.0,3.0,4.0,3.0,4.0,3.0
1126987832,2.0,3.0,3.0,3.0,1.0,3.0,2.0,3.0,2.0,1.0,4.0,4.0,3.0,4.0,3.0,4.0,3.0,4.0,3.0,4.0,3.0
1126987584,2.0,3.0,3.0,3.0,3.0,3.0,2.0,3.0,2.0,1.0,4.0,4.0,3.0,4.0,3.0,4.0,3.0,4.0,3.0,4.0,3.0
1125954224,2.0,3.0,3.0,3.0,1.0,3.0,2.0,3.0,2.0,1.0,4.0,4.0,3.0,4.0,3.0,4.0,3.0,4.0,3.0,4.0,3.0
1125954592,2.0,3.0,3.0,3.0,1.0,3.0,2.0,3.0,2.0,1.0,4.0,4.0,3.0,4.0,3.0,4.0,3.0,4.0,3.0,4.0,3.0
1126040144,2.0,3.0,3.0,3.0,3.0,4.0,1.0,4.0,3.0,2.0,3.0,3.0,0.0,0.0,2.0,2.0,3.0,2.0,2.0,2.0,2.0
1125695128,2.0,3.0,3.0,3.0,3.0,4.0,1.0,4.0,3.0,2.0,3.0,3.0,0.0,6.0,2.0,2.0,3.0,2.0,0.0,3.0,4.0
1126039296,2.0,3.0,3.0,3.0,3.0,4.0,1.0,4.0,3.0,2.0,3.0,3.0,0.0,0.0,2.0,2.0,3.0,2.0,0.0,2.0,2.0
1124920256,2.0,3.0,3.0,3.0,3.0,4.0,1.0,4.0,3.0,2.0,3.0,3.0,0.0,0.0,2.0,2.0,3.0,2.0,2.0,2.0,4.0
1125954472,2.0,3.0,3.0,3.0,1.0,3.0,2.0,3.0,2.0,1.0,4.0,4.0,3.0,4.0,3.0,4.0,3.0,4.0,3.0,4.0,3.0
1126299128,2.0,3.0,3.0,3.0,1.0,3.0,2.0,3.0,2.0,1.0,4.0,4.0,3.0,4.0,3.0,4.0,3.0,4.0,3.0,4.0,3.0
1127246928,3.0,4.0,4.0,1.0,0.0,4.0,3.0,4.0,3.0,2.0,1.0,3.0,2.0,1.0,1.0,1.0,1.0,0.0,1.0,0.0,1.0
1133621456,3.0,4.0,4.0,4.0,4.0,1.0,3.0,2.0,4.0,4.0,1.0,2.0,1.0,1.0,0.0,3.0,2.0,3.0,2.0,1.0,0.0
1105360672,3.0,4.0,4.0,1.0,4.0,1.0,3.0,2.0,4.0,4.0,3.0,2.0,2.0,3.0,0.0,3.0,2.0,3.0,2.0,1.0,0.0
1127246808,3.0,4.0,4.0,1.0,0.0,4.0,3.0,4.0,3.0,2.0,1.0,3.0,2.0,1.0,1.0,1.0,1.0,0.0,1.0,0.0,1.0
1105360304,3.0,4.0,4.0,1.0,4.0,1.0,3.0,2.0,4.0,4.0,3.0,2.0,2.0,3.0,0.0,3.0,2.0,3.0,1.0,1.0,0.0
1105360184,3.0,4.0,4.0,1.0,4.0,1.0,3.0,2.0,4.0,4.0,3.0,2.0,2.0,1.0,0.0,3.0,2.0,3.0,1.0,0.0,0.0
1105188952,3.0,4.0,4.0,1.0,4.0,1.0,3.0,2.0,4.0,4.0,3.0,2.0,2.0,1.0,0.0,3.0,2.0,3.0,1.0,1.0,0.0
1105359936,3.0,4.0,4.0,1.0,4.0,1.0,3.0,2.0,4.0,4.0,3.0,2.0,2.0,1.0,0.0,3.0,2.0,3.0,2.0,0.0,0.0
1105360424,3.0,4.0,4.0,1.0,4.0,1.0,3.0,2.0,4.0,4.0,3.0,2.0,2.0,3.0,0.0,3.0,2.0,3.0,1.0,1.0,0.0
1105189072,3.0,4.0,4.0,1.0,4.0,1.0,3.0,2.0,4.0,4.0,3.0,2.0,2.0,3.0,0.0,3.0,2.0,3.0,1.0,1.0,0.0
1126040264,3.0,4.0,4.0,1.0,0.0,4.0,3.0,4.0,3.0,2.0,1.0,3.0,2.0,1.0,1.0,1.0,1.0,0.0,2.0,0.0,1.0
1105359816,3.0,4.0,4.0,1.0,4.0,1.0,3.0,2.0,4.0,4.0,3.0,2.0,2.0,1.0,0.0,3.0,2.0,3.0,2.0,1.0,0.0
1105360544,3.0,4.0,4.0,1.0,4.0,1.0,3.0,2.0,4.0,4.0,3.0,2.0,2.0,3.0,0.0,3.0,2.0,3.0,2.0,1.0,0.0
1132760880,3.0,4.0,4.0,1.0,0.0,4.0,3.0,4.0,3.0,2.0,1.0,3.0,2.0,3.0,1.0,1.0,1.0,0.0,2.0,0.0,1.0
1105361400,3.0,4.0,4.0,1.0,4.0,1.0,3.0,2.0,4.0,4.0,3.0,2.0,2.0,3.0,0.0,3.0,2.0,3.0,1.0,1.0,0.0
1105532144,3.0,4.0,4.0,1.0,4.0,1.0,3.0,2.0,4.0,4.0,3.0,2.0,2.0,1.0,0.0,3.0,2.0,3.0,2.0,1.0,0.0
1105532024,3.0,4.0,4.0,1.0,4.0,1.0,3.0,2.0,4.0,4.0,3.0,2.0,2.0,1.0,0.0,3.0,2.0,3.0,2.0,1.0,0.0
1126039168,3.0,4.0,4.0,1.0,0.0,4.0,3.0,4.0,3.0,2.0,1.0,3.0,2.0,1.0,1.0,1.0,1.0,0.0,2.0,0.0,1.0
1105447568,3.0,4.0,4.0,1.0,4.0,1.0,3.0,2.0,4.0,4.0,3.0,2.0,2.0,3.0,0.0,3.0,2.0,3.0,1.0,1.0,0.0
1105447440,3.0,4.0,4.0,1.0,4.0,1.0,3.0,2.0,4.0,4.0,3.0,2.0,2.0,1.0,0.0,3.0,2.0,3.0,1.0,1.0,0.0
1105447320,3.0,4.0,4.0,1.0,4.0,1.0,3.0,2.0,4.0,4.0,3.0,2.0,2.0,1.0,0.0,3.0,2.0,3.0,1.0,1.0,0.0
1132416712,3.0,4.0,4.0,1.0,0.0,4.0,3.0,4.0,3.0,2.0,1.0,3.0,2.0,1.0,1.0,1.0,1.0,0.0,1.0,0.0,1.0
1132416840,3.0,4.0,4.0,1.0,0.0,4.0,3.0,4.0,3.0,2.0,1.0,3.0,2.0,1.0,1.0,1.0,1.0,0.0,1.0,0.0,1.0
1105447080,3.0,4.0,4.0,1.0,4.0,1.0,3.0,2.0,4.0,4.0,3.0,2.0,2.0,1.0,0.0,3.0,2.0,3.0,2.0,1.0,0.0
1126039536,3.0,4.0,4.0,1.0,0.0,4.0,3.0,4.0,3.0,2.0,1.0,3.0,2.0,1.0,1.0,1.0,1.0,0.0,1.0,0.0,1.0
1105446344,3.0,4.0,4.0,1.0,4.0,1.0,3.0,2.0,4.0,4.0,3.0,2.0,2.0,1.0,0.0,3.0,2.0,3.0,1.0,0.0,0.0
1105446224,3.0,4.0,4.0,1.0,4.0,1.0,3.0,2.0,4.0,4.0,3.0,2.0,2.0,1.0,0.0,3.0,2.0,3.0,1.0,1.0,0.0
1105446104,3.0,4.0,4.0,1.0,4.0,1.0,3.0,2.0,4.0,4.0,3.0,2.0,2.0,1.0,0.0,3.0,2.0,3.0,1.0,0.0,0.0
1132760760,3.0,4.0,4.0,1.0,0.0,4.0,3.0,4.0,3.0,2.0,1.0,3.0,2.0,3.0,1.0,1.0,1.0,0.0,2.0,0.0,1.0
1126040392,3.0,4.0,4.0,1.0,0.0,4.0,3.0,4.0,3.0,2.0,1.0,3.0,2.0,1.0,1.0,1.0,1.0,0.0,1.0,0.0,1.0
1132761008,3.0,4.0,4.0,1.0,0.0,4.0,3.0,4.0,3.0,2.0,1.0,3.0,2.0,1.0,1.0,1.0,1.0,0.0,2.0,0.0,1.0
1132761128,3.0,4.0,4.0,1.0,0.0,4.0,3.0,4.0,3.0,2.0,1.0,3.0,2.0,1.0,1.0,1.0,1.0,0.0,1.0,0.0,1.0
1132761248,3.0,4.0,4.0,1.0,0.0,4.0,3.0,4.0,3.0,2.0,1.0,3.0,2.0,1.0,1.0,1.0,1.0,0.0,1.0,0.0,1.0
1105445856,3.0,4.0,4.0,1.0,4.0,1.0,3.0,2.0,4.0,4.0,3.0,2.0,2.0,1.0,0.0,3.0,2.0,3.0,2.0,1.0,0.0
1132761496,3.0,4.0,4.0,1.0,0.0,4.0,3.0,4.0,3.0,2.0,1.0,3.0,2.0,1.0,1.0,1.0,1.0,0.0,1.0,0.0,1.0
1105445736,3.0,4.0,4.0,1.0,4.0,1.0,3.0,2.0,4.0,4.0,3.0,2.0,2.0,1.0,0.0,3.0,2.0,3.0,2.0,1.0,0.0
1105361280,3.0,4.0,4.0,1.0,4.0,1.0,3.0,2.0,4.0,4.0,3.0,2.0,2.0,1.0,0.0,3.0,2.0,3.0,1.0,1.0,0.0
1133621704,3.0,4.0,4.0,4.0,4.0,1.0,3.0,2.0,4.0,4.0,1.0,2.0,1.0,1.0,0.0,3.0,2.0,3.0,2.0,1.0,0.0
1124919528,3.0,4.0,4.0,1.0,0.0,4.0,3.0,4.0,3.0,2.0,1.0,3.0,2.0,3.0,1.0,1.0,1.0,0.0,1.0,0.0,1.0
1105188584,3.0,4.0,4.0,1.0,4.0,1.0,3.0,2.0,4.0,4.0,3.0,2.0,2.0,1.0,0.0,3.0,2.0,3.0,2.0,1.0,0.0
1104756912,3.0,4.0,4.0,1.0,4.0,1.0,3.0,2.0,4.0,4.0,3.0,2.0,2.0,1.0,0.0,3.0,2.0,3.0,1.0,1.0,0.0
1135172408,3.0,4.0,4.0,4.0,4.0,1.0,3.0,2.0,4.0,4.0,1.0,2.0,1.0,1.0,0.0,3.0,2.0,3.0,2.0,1.0,0.0
1135172536,3.0,4.0,4.0,4.0,4.0,1.0,3.0,2.0,4.0,4.0,1.0,2.0,1.0,1.0,0.0,3.0,2.0,3.0,2.0,1.0,0.0
1135172656,3.0,4.0,4.0,4.0,4.0,1.0,3.0,2.0,4.0,4.0,1.0,2.0,1.0,1.0,0.0,3.0,2.0,3.0,2.0,1.0,0.0
1135172776,3.0,4.0,4.0,4.0,4.0,1.0,3.0,2.0,4.0,4.0,1.0,2.0,1.0,3.0,0.0,3.0,2.0,3.0,2.0,0.0,0.0
1104756792,3.0,4.0,4.0,1.0,4.0,1.0,3.0,2.0,4.0,4.0,3.0,2.0,2.0,1.0,0.0,3.0,2.0,3.0,2.0,0.0,0.0
1104756664,3.0,4.0,4.0,1.0,4.0,1.0,3.0,2.0,4.0,4.0,3.0,2.0,2.0,1.0,0.0,3.0,2.0,3.0,2.0,1.0,0.0
1104756544,3.0,4.0,4.0,1.0,4.0,1.0,3.0,2.0,4.0,4.0,3.0,2.0,2.0,1.0,0.0,3.0,2.0,3.0,2.0,1.0,0.0
1104585920,3.0,4.0,4.0,1.0,4.0,1.0,3.0,2.0,4.0,4.0,3.0,2.0,2.0,3.0,0.0,3.0,2.0,3.0,1.0,1.0,0.0
1104585680,3.0,4.0,4.0,1.0,4.0,1.0,3.0,2.0,4.0,4.0,3.0,2.0,2.0,1.0,0.0,3.0,2.0,3.0,1.0,1.0,0.0
1104757032,3.0,4.0,4.0,1.0,4.0,1.0,3.0,2.0,4.0,4.0,3.0,2.0,2.0,1.0,0.0,3.0,2.0,3.0,1.0,0.0,0.0
1135173632,3.0,4.0,4.0,4.0,4.0,1.0,3.0,2.0,4.0,4.0,1.0,2.0,1.0,3.0,0.0,3.0,2.0,3.0,2.0,1.0,0.0
1135173872,3.0,4.0,4.0,4.0,4.0,1.0,3.0,2.0,4.0,4.0,1.0,2.0,1.0,3.0,0.0,3.0,2.0,3.0,1.0,1.0,0.0
1135173992,3.0,4.0,4.0,4.0,4.0,1.0,3.0,2.0,4.0,4.0,1.0,2.0,1.0,3.0,0.0,3.0,2.0,3.0,1.0,1.0,0.0
1135345960,3.0,4.0,4.0,4.0,4.0,1.0,3.0,2.0,4.0,4.0,1.0,2.0,1.0,3.0,0.0,3.0,2.0,3.0,2.0,1.0,0.0
1135346080,3.0,4.0,4.0,4.0,4.0,1.0,3.0,2.0,4.0,4.0,1.0,2.0,1.0,3.0,0.0,3.0,2.0,3.0,2.0,1.0,1.0
1104585312,3.0,4.0,4.0,1.0,4.0,1.0,3.0,2.0,4.0,4.0,3.0,2.0,2.0,1.0,0.0,3.0,2.0,3.0,2.0,1.0,0.0
1104585192,3.0,4.0,4.0,1.0,4.0,1.0,3.0,2.0,4.0,4.0,3.0,2.0,2.0,3.0,0.0,3.0,2.0,3.0,2.0,1.0,0.0
1104584704,3.0,4.0,4.0,1.0,4.0,1.0,3.0,2.0,4.0,4.0,3.0,2.0,2.0,1.0,0.0,3.0,2.0,3.0,1.0,0.0,0.0
1104584464,3.0,4.0,4.0,1.0,4.0,1.0,3.0,2.0,4.0,4.0,3.0,2.0,2.0,1.0,0.0,3.0,2.0,3.0,2.0,0.0,0.0
1104584336,3.0,4.0,4.0,1.0,4.0,1.0,3.0,2.0,4.0,4.0,3.0,2.0,2.0,1.0,0.0,3.0,2.0,3.0,2.0,1.0,0.0
1104584216,3.0,4.0,4.0,1.0,4.0,1.0,3.0,2.0,4.0,4.0,3.0,2.0,2.0,1.0,0.0,3.0,2.0,3.0,2.0,1.0,0.0
1135173752,3.0,4.0,4.0,4.0,4.0,1.0,3.0,2.0,4.0,4.0,1.0,2.0,1.0,3.0,0.0,3.0,2.0,3.0,2.0,1.0,0.0
1105015040,3.0,4.0,4.0,1.0,4.0,0.0,0.0,0.0,0.0,0.0,3.0,2.0,2.0,1.0,0.0,3.0,2.0,3.0,2.0,1.0,0.0
1105015280,3.0,4.0,4.0,1.0,4.0,0.0,0.0,0.0,0.0,0.0,3.0,2.0,2.0,1.0,0.0,3.0,2.0,3.0,1.0,0.0,0.0
1105015400,3.0,4.0,4.0,1.0,4.0,0.0,0.0,0.0,0.0,0.0,3.0,2.0,2.0,1.0,0.0,3.0,2.0,3.0,1.0,1.0,0.0
1126040512,3.0,4.0,4.0,1.0,0.0,4.0,3.0,4.0,3.0,2.0,1.0,3.0,2.0,1.0,1.0,1.0,1.0,0.0,1.0,0.0,1.0
1133622192,3.0,4.0,4.0,4.0,4.0,1.0,3.0,2.0,4.0,4.0,1.0,2.0,1.0,3.0,0.0,3.0,2.0,3.0,1.0,1.0,1.0
1105188216,3.0,4.0,4.0,1.0,4.0,1.0,3.0,2.0,4.0,4.0,3.0,2.0,2.0,3.0,0.0,3.0,2.0,3.0,2.0,1.0,0.0
1105187976,3.0,4.0,4.0,1.0,4.0,1.0,3.0,2.0,4.0,4.0,3.0,2.0,2.0,3.0,0.0,3.0,2.0,3.0,1.0,1.0,0.0
1105187856,3.0,4.0,4.0,1.0,4.0,1.0,3.0,2.0,4.0,4.0,3.0,2.0,2.0,1.0,0.0,3.0,2.0,3.0,1.0,0.0,0.0
1105187728,3.0,4.0,4.0,1.0,4.0,1.0,3.0,2.0,4.0,4.0,3.0,2.0,2.0,1.0,0.0,3.0,2.0,3.0,1.0,1.0,0.0
1126040752,3.0,4.0,4.0,1.0,0.0,4.0,3.0,4.0,3.0,2.0,1.0,3.0,2.0,3.0,1.0,1.0,1.0,0.0,1.0,0.0,1.0
1105532384,3.0,4.0,4.0,1.0,4.0,1.0,3.0,2.0,4.0,4.0,3.0,2.0,2.0,1.0,0.0,3.0,2.0,3.0,1.0,1.0,0.0
1105187360,3.0,4.0,4.0,1.0,4.0,1.0,3.0,2.0,4.0,4.0,3.0,2.0,2.0,1.0,0.0,3.0,2.0,3.0,2.0,1.0,0.0
1133793784,3.0,4.0,4.0,4.0,4.0,1.0,3.0,2.0,4.0,4.0,1.0,2.0,1.0,1.0,0.0,3.0,2.0,3.0,2.0,1.0,0.0
1105187240,3.0,4.0,4.0,1.0,4.0,1.0,3.0,2.0,4.0,4.0,3.0,2.0,2.0,1.0,0.0,3.0,2.0,3.0,2.0,1.0,0.0
1133794032,3.0,4.0,4.0,4.0,4.0,1.0,3.0,2.0,4.0,4.0,1.0,2.0,1.0,1.0,0.0,3.0,2.0,3.0,2.0,1.0,0.0
1133794392,3.0,4.0,4.0,4.0,4.0,1.0,3.0,2.0,4.0,4.0,1.0,2.0,1.0,3.0,0.0,3.0,2.0,3.0,1.0,0.0,0.0
1105101688,3.0,4.0,4.0,1.0,4.0,1.0,3.0,2.0,4.0,4.0,3.0,2.0,2.0,1.0,0.0,3.0,2.0,3.0,1.0,0.0,0.0
1133794760,3.0,4.0,4.0,4.0,4.0,1.0,3.0,2.0,4.0,4.0,1.0,2.0,1.0,3.0,0.0,3.0,2.0,3.0,2.0,1.0,0.0
1133795008,3.0,4.0,4.0,4.0,4.0,1.0,3.0,2.0,4.0,4.0,1.0,2.0,1.0,3.0,0.0,3.0,2.0,3.0,2.0,1.0,0.0
1133795128,3.0,4.0,4.0,4.0,4.0,1.0,3.0,2.0,4.0,4.0,1.0,2.0,1.0,3.0,0.0,3.0,2.0,3.0,2.0,1.0,0.0
1133795248,3.0,4.0,4.0,4.0,4.0,1.0,3.0,2.0,4.0,4.0,1.0,2.0,1.0,3.0,0.0,3.0,2.0,3.0,1.0,1.0,0.0
1105016624,3.0,4.0,4.0,1.0,4.0,1.0,3.0,2.0,4.0,4.0,3.0,2.0,2.0,1.0,0.0,3.0,2.0,3.0,1.0,1.0,0.0
1105016504,3.0,4.0,4.0,1.0,4.0,0.0,0.0,0.0,0.0,0.0,3.0,2.0,2.0,1.0,0.0,3.0,2.0,3.0,1.0,1.0,0.0
1105016136,3.0,4.0,4.0,1.0,4.0,1.0,3.0,2.0,4.0,4.0,3.0,2.0,2.0,1.0,0.0,3.0,2.0,3.0,2.0,1.0,0.0
1126212232,3.0,4.0,4.0,1.0,0.0,4.0,3.0,4.0,3.0,2.0,1.0,3.0,2.0,3.0,1.0,1.0,1.0,0.0,2.0,3.0,1.0
1126212352,3.0,4.0,4.0,1.0,0.0,4.0,3.0,4.0,3.0,2.0,1.0,3.0,2.0,3.0,1.0,1.0,1.0,0.0,2.0,0.0,1.0
1133621824,3.0,4.0,4.0,4.0,4.0,1.0,3.0,2.0,4.0,4.0,1.0,2.0,1.0,3.0,0.0,3.0,2.0,3.0,2.0,0.0,0.0
1126038928,3.0,4.0,4.0,1.0,0.0,4.0,3.0,4.0,3.0,2.0,1.0,3.0,2.0,1.0,1.0,1.0,1.0,0.0,1.0,0.0,1.0
1132071448,3.0,4.0,4.0,1.0,0.0,4.0,3.0,4.0,3.0,2.0,1.0,3.0,2.0,3.0,1.0,1.0,1.0,0.0,2.0,0.0,1.0
1105533120,3.0,4.0,4.0,1.0,4.0,1.0,3.0,2.0,4.0,4.0,3.0,2.0,2.0,1.0,0.0,3.0,2.0,3.0,2.0,1.0,0.0
1128970216,3.0,4.0,4.0,1.0,0.0,4.0,3.0,4.0,3.0,2.0,1.0,3.0,2.0,1.0,6.0,6.0,6.0,6.0,1.0,0.0,1.0
1128970336,3.0,4.0,4.0,1.0,0.0,4.0,3.0,4.0,3.0,2.0,1.0,3.0,2.0,3.0,6.0,6.0,6.0,6.0,1.0,0.0,1.0
1129313408,3.0,4.0,4.0,1.0,0.0,4.0,3.0,4.0,3.0,2.0,1.0,3.0,2.0,1.0,1.0,1.0,1.0,0.0,2.0,0.0,1.0
1124489440,3.0,4.0,4.0,1.0,0.0,4.0,3.0,4.0,3.0,2.0,1.0,3.0,2.0,6.0,1.0,1.0,1.0,0.0,1.0,0.0,1.0
1128453352,3.0,4.0,4.0,1.0,0.0,4.0,3.0,4.0,3.0,2.0,1.0,3.0,2.0,3.0,1.0,1.0,1.0,0.0,1.0,0.0,1.0
1129313768,3.0,4.0,4.0,1.0,0.0,4.0,3.0,4.0,3.0,2.0,1.0,3.0,2.0,1.0,1.0,1.0,1.0,0.0,1.0,0.0,1.0
1129313896,3.0,4.0,4.0,1.0,0.0,4.0,3.0,4.0,3.0,2.0,1.0,3.0,2.0,3.0,1.0,1.0,1.0,0.0,1.0,0.0,1.0
1124488824,3.0,4.0,4.0,1.0,0.0,4.0,3.0,4.0,3.0,2.0,1.0,3.0,2.0,6.0,1.0,1.0,1.0,0.0,1.0,3.0,1.0
1129314256,3.0,4.0,4.0,1.0,0.0,4.0,3.0,4.0,3.0,2.0,1.0,3.0,2.0,3.0,1.0,1.0,1.0,0.0,2.0,0.0,1.0
1129314384,3.0,4.0,4.0,1.0,0.0,4.0,3.0,4.0,3.0,2.0,1.0,3.0,2.0,1.0,1.0,1.0,1.0,0.0,2.0,0.0,1.0
1129314504,3.0,4.0,4.0,1.0,0.0,4.0,3.0,4.0,3.0,2.0,1.0,3.0,2.0,1.0,1.0,1.0,1.0,0.0,2.0,0.0,1.0
1124574136,3.0,4.0,4.0,1.0,0.0,4.0,3.0,4.0,3.0,2.0,1.0,3.0,2.0,6.0,1.0,1.0,1.0,0.0,1.0,0.0,1.0
1129314624,3.0,4.0,4.0,1.0,0.0,4.0,3.0,4.0,3.0,2.0,1.0,3.0,2.0,1.0,1.0,1.0,1.0,0.0,1.0,0.0,1.0
1124488584,3.0,4.0,4.0,1.0,0.0,4.0,3.0,4.0,3.0,2.0,1.0,3.0,2.0,6.0,1.0,1.0,1.0,0.0,1.0,0.0,1.0
1129314992,3.0,4.0,4.0,1.0,0.0,4.0,3.0,4.0,3.0,2.0,1.0,3.0,2.0,3.0,1.0,1.0,1.0,0.0,1.0,0.0,1.0
1128452864,3.0,4.0,4.0,1.0,0.0,4.0,3.0,4.0,3.0,2.0,1.0,3.0,2.0,1.0,1.0,1.0,1.0,0.0,2.0,0.0,1.0
1124488336,3.0,4.0,4.0,1.0,0.0,4.0,3.0,4.0,3.0,2.0,1.0,3.0,2.0,6.0,1.0,1.0,1.0,0.0,1.0,0.0,1.0
1128452744,3.0,4.0,4.0,1.0,0.0,4.0,3.0,4.0,3.0,2.0,1.0,3.0,2.0,1.0,1.0,1.0,1.0,0.0,2.0,0.0,1.0
1124487976,3.0,4.0,4.0,1.0,0.0,4.0,3.0,4.0,3.0,2.0,1.0,3.0,2.0,6.0,1.0,1.0,1.0,0.0,1.0,0.0,1.0
1128452616,3.0,4.0,4.0,1.0,0.0,4.0,3.0,4.0,3.0,2.0,1.0,3.0,2.0,3.0,1.0,1.0,1.0,0.0,2.0,0.0,1.0
1124402544,3.0,4.0,4.0,1.0,0.0,4.0,3.0,4.0,3.0,2.0,1.0,3.0,2.0,6.0,1.0,1.0,1.0,0.0,1.0,0.0,1.0
1125006056,3.0,4.0,4.0,1.0,0.0,4.0,3.0,4.0,3.0,2.0,1.0,3.0,2.0,3.0,1.0,1.0,1.0,0.0,2.0,0.0,1.0
1124402296,3.0,4.0,4.0,1.0,0.0,4.0,3.0,4.0,3.0,2.0,1.0,3.0,2.0,6.0,1.0,1.0,1.0,0.0,1.0,0.0,1.0
1124402176,3.0,4.0,4.0,1.0,0.0,4.0,3.0,4.0,3.0,2.0,1.0,3.0,2.0,6.0,1.0,1.0,1.0,0.0,1.0,0.0,1.0
1128452984,3.0,4.0,4.0,1.0,0.0,4.0,3.0,4.0,3.0,2.0,1.0,3.0,2.0,1.0,1.0,1.0,1.0,0.0,1.0,0.0,1.0
1124574256,3.0,4.0,4.0,1.0,0.0,4.0,3.0,4.0,3.0,2.0,1.0,3.0,2.0,6.0,1.0,1.0,1.0,0.0,2.0,0.0,1.0
1125005568,3.0,4.0,4.0,1.0,0.0,4.0,3.0,4.0,3.0,2.0,1.0,3.0,2.0,1.0,1.0,1.0,1.0,0.0,1.0,0.0,1.0
1124574744,3.0,4.0,4.0,1.0,0.0,4.0,3.0,4.0,3.0,2.0,1.0,3.0,2.0,6.0,1.0,1.0,1.0,0.0,1.0,0.0,1.0
1128624336,3.0,4.0,4.0,1.0,0.0,4.0,3.0,4.0,3.0,2.0,1.0,3.0,2.0,1.0,1.0,1.0,1.0,0.0,1.0,2.0,1.0
1124919280,3.0,4.0,4.0,1.0,0.0,4.0,3.0,4.0,3.0,2.0,1.0,3.0,2.0,1.0,1.0,1.0,1.0,0.0,1.0,2.0,1.0
1124920016,3.0,4.0,4.0,1.0,0.0,4.0,3.0,4.0,3.0,2.0,1.0,3.0,2.0,1.0,1.0,1.0,1.0,0.0,2.0,0.0,1.0
1124920136,3.0,4.0,4.0,1.0,0.0,4.0,3.0,4.0,3.0,2.0,1.0,3.0,2.0,1.0,1.0,1.0,1.0,0.0,2.0,0.0,1.0
1124918912,3.0,4.0,4.0,1.0,0.0,4.0,3.0,4.0,3.0,2.0,1.0,3.0,2.0,1.0,1.0,1.0,1.0,0.0,2.0,0.0,1.0
1128624944,3.0,4.0,4.0,1.0,0.0,4.0,3.0,4.0,3.0,2.0,1.0,3.0,2.0,3.0,1.0,1.0,1.0,0.0,2.0,0.0,1.0
1128625072,3.0,4.0,4.0,1.0,0.0,4.0,3.0,4.0,3.0,2.0,1.0,3.0,2.0,1.0,1.0,1.0,1.0,0.0,2.0,0.0,1.0
1124834456,3.0,4.0,4.0,1.0,0.0,4.0,3.0,4.0,3.0,2.0,1.0,3.0,2.0,3.0,1.0,1.0,1.0,0.0,1.0,0.0,1.0
1128625312,3.0,4.0,4.0,1.0,0.0,4.0,3.0,4.0,3.0,2.0,1.0,3.0,2.0,1.0,1.0,1.0,1.0,0.0,1.0,0.0,1.0
1128625432,3.0,4.0,4.0,1.0,0.0,4.0,3.0,4.0,3.0,2.0,1.0,3.0,2.0,1.0,1.0,1.0,1.0,0.0,1.0,0.0,1.0
1128625560,3.0,4.0,4.0,1.0,0.0,4.0,3.0,4.0,3.0,2.0,1.0,3.0,2.0,1.0,1.0,1.0,1.0,0.0,1.0,0.0,1.0
1124834096,3.0,4.0,4.0,1.0,0.0,4.0,3.0,4.0,3.0,2.0,1.0,3.0,2.0,1.0,1.0,1.0,1.0,0.0,1.0,0.0,1.0
1124920376,3.0,4.0,4.0,1.0,0.0,4.0,3.0,4.0,3.0,2.0,1.0,3.0,2.0,1.0,1.0,1.0,1.0,0.0,1.0,0.0,1.0
1124833360,3.0,4.0,4.0,1.0,0.0,4.0,3.0,4.0,3.0,2.0,1.0,3.0,2.0,3.0,1.0,1.0,1.0,0.0,1.0,0.0,1.0
1124833240,3.0,4.0,4.0,1.0,0.0,4.0,3.0,4.0,3.0,2.0,1.0,3.0,2.0,1.0,1.0,1.0,1.0,0.0,1.0,0.0,1.0
1124920504,3.0,4.0,4.0,1.0,0.0,4.0,3.0,4.0,3.0,2.0,1.0,3.0,2.0,1.0,1.0,1.0,1.0,0.0,1.0,0.0,1.0
1124832992,3.0,4.0,4.0,1.0,0.0,4.0,3.0,4.0,3.0,2.0,1.0,3.0,2.0,1.0,1.0,1.0,1.0,0.0,1.0,0.0,1.0
1124920624,3.0,4.0,4.0,1.0,0.0,4.0,3.0,4.0,3.0,2.0,1.0,3.0,2.0,3.0,1.0,1.0,1.0,0.0,1.0,0.0,1.0
1125004960,3.0,4.0,4.0,1.0,0.0,4.0,3.0,4.0,3.0,2.0,1.0,3.0,2.0,1.0,1.0,1.0,1.0,0.0,1.0,0.0,1.0
1124575848,3.0,4.0,4.0,1.0,0.0,4.0,3.0,4.0,3.0,2.0,1.0,3.0,2.0,6.0,1.0,1.0,1.0,0.0,1.0,0.0,1.0
1124575720,3.0,4.0,4.0,1.0,0.0,4.0,3.0,4.0,3.0,2.0,1.0,3.0,2.0,6.0,1.0,1.0,1.0,0.0,1.0,0.0,1.0
1125005320,3.0,4.0,4.0,1.0,0.0,4.0,3.0,4.0,3.0,2.0,1.0,3.0,2.0,1.0,1.0,1.0,1.0,0.0,1.0,0.0,1.0
1124575360,3.0,4.0,4.0,1.0,0.0,4.0,3.0,4.0,3.0,2.0,1.0,3.0,2.0,6.0,1.0,1.0,1.0,0.0,2.0,0.0,1.0
1124575112,3.0,4.0,4.0,1.0,0.0,4.0,3.0,4.0,3.0,2.0,1.0,3.0,2.0,6.0,1.0,1.0,1.0,0.0,2.0,3.0,1.0
1124574872,3.0,4.0,4.0,1.0,0.0,4.0,3.0,4.0,3.0,2.0,1.0,3.0,2.0,6.0,1.0,1.0,1.0,0.0,1.0,0.0,1.0
1125006176,3.0,4.0,4.0,1.0,0.0,4.0,3.0,4.0,3.0,2.0,1.0,3.0,2.0,1.0,1.0,1.0,1.0,0.0,2.0,0.0,1.0
1124401928,3.0,4.0,4.0,1.0,0.0,4.0,3.0,4.0,3.0,2.0,1.0,3.0,2.0,6.0,1.0,1.0,1.0,0.0,2.0,0.0,1.0
1124401808,3.0,4.0,4.0,1.0,0.0,4.0,3.0,4.0,3.0,2.0,1.0,3.0,2.0,6.0,1.0,1.0,1.0,0.0,1.0,0.0,1.0
1124316744,3.0,4.0,4.0,1.0,0.0,4.0,3.0,4.0,3.0,2.0,1.0,3.0,2.0,3.0,1.0,1.0,1.0,0.0,2.0,0.0,1.0
1125695608,3.0,4.0,4.0,1.0,0.0,4.0,3.0,4.0,3.0,2.0,1.0,3.0,2.0,6.0,1.0,1.0,1.0,0.0,2.0,0.0,1.0
1125695856,3.0,4.0,4.0,1.0,0.0,4.0,3.0,4.0,3.0,2.0,1.0,3.0,2.0,6.0,1.0,1.0,1.0,0.0,1.0,0.0,1.0
1123971232,3.0,4.0,4.0,1.0,0.0,4.0,3.0,4.0,3.0,2.0,1.0,3.0,2.0,6.0,1.0,1.0,1.0,0.0,2.0,0.0,1.0
1123971112,3.0,4.0,4.0,1.0,0.0,4.0,3.0,4.0,3.0,2.0,1.0,3.0,2.0,6.0,1.0,1.0,1.0,0.0,2.0,0.0,1.0
1125695976,3.0,4.0,4.0,1.0,0.0,4.0,3.0,4.0,3.0,2.0,1.0,3.0,2.0,6.0,1.0,1.0,1.0,0.0,1.0,0.0,1.0
1123884944,3.0,4.0,4.0,1.0,0.0,4.0,3.0,4.0,3.0,2.0,1.0,3.0,2.0,1.0,1.0,1.0,1.0,0.0,2.0,0.0,1.0
1123884824,3.0,4.0,4.0,1.0,0.0,4.0,3.0,4.0,3.0,2.0,1.0,3.0,2.0,1.0,1.0,1.0,1.0,0.0,1.0,0.0,1.0
1123712496,3.0,4.0,4.0,1.0,0.0,4.0,3.0,4.0,3.0,2.0,1.0,3.0,2.0,6.0,1.0,1.0,1.0,0.0,1.0,0.0,1.0
1105619896,3.0,4.0,4.0,1.0,4.0,1.0,3.0,2.0,4.0,4.0,3.0,2.0,2.0,3.0,0.0,3.0,2.0,3.0,1.0,1.0,0.0
1105619768,3.0,4.0,4.0,1.0,4.0,1.0,3.0,2.0,4.0,4.0,3.0,2.0,2.0,1.0,0.0,3.0,2.0,3.0,1.0,1.0,0.0
1125696096,3.0,4.0,4.0,1.0,0.0,4.0,3.0,4.0,3.0,2.0,1.0,3.0,2.0,6.0,1.0,1.0,1.0,0.0,1.0,0.0,1.0
1105619528,3.0,4.0,4.0,1.0,4.0,1.0,3.0,2.0,4.0,4.0,3.0,2.0,2.0,1.0,0.0,3.0,2.0,3.0,2.0,1.0,0.0
1105619408,3.0,4.0,4.0,1.0,4.0,1.0,3.0,2.0,4.0,4.0,3.0,2.0,2.0,1.0,0.0,3.0,2.0,3.0,2.0,1.0,0.0
1105619280,3.0,4.0,4.0,1.0,4.0,1.0,3.0,2.0,4.0,4.0,3.0,2.0,2.0,1.0,0.0,3.0,2.0,3.0,2.0,1.0,0.0
1132070472,3.0,4.0,4.0,1.0,0.0,4.0,3.0,4.0,3.0,2.0,1.0,3.0,2.0,1.0,1.0,1.0,1.0,0.0,2.0,0.0,1.0
1132070720,3.0,4.0,4.0,1.0,0.0,4.0,3.0,4.0,3.0,2.0,1.0,3.0,2.0,1.0,1.0,1.0,1.0,0.0,1.0,0.0,0.0
1105618672,3.0,4.0,4.0,1.0,4.0,1.0,3.0,2.0,4.0,4.0,3.0,2.0,2.0,1.0,0.0,3.0,2.0,3.0,1.0,0.0,0.0
1132070960,3.0,4.0,4.0,1.0,0.0,4.0,3.0,4.0,3.0,2.0,1.0,3.0,2.0,1.0,1.0,1.0,1.0,0.0,1.0,1.0,1.0
1105618432,3.0,4.0,4.0,1.0,4.0,1.0,3.0,2.0,4.0,4.0,3.0,2.0,2.0,1.0,0.0,3.0,2.0,3.0,2.0,0.0,0.0
1105618184,3.0,4.0,4.0,1.0,4.0,1.0,3.0,2.0,4.0,4.0,3.0,2.0,2.0,1.0,0.0,3.0,2.0,3.0,2.0,1.0,0.0
1124919768,3.0,4.0,4.0,1.0,0.0,4.0,3.0,4.0,3.0,2.0,1.0,3.0,2.0,3.0,1.0,1.0,1.0,0.0,2.0,3.0,1.0
1132071696,3.0,4.0,4.0,1.0,0.0,4.0,3.0,4.0,3.0,2.0,1.0,3.0,2.0,1.0,1.0,1.0,1.0,0.0,2.0,0.0,1.0
1105533608,3.0,4.0,4.0,1.0,4.0,1.0,3.0,2.0,4.0,4.0,3.0,2.0,2.0,1.0,0.0,3.0,2.0,3.0,1.0,1.0,0.0
1132072184,3.0,4.0,4.0,1.0,0.0,4.0,3.0,4.0,3.0,2.0,1.0,3.0,2.0,1.0,1.0,1.0,1.0,0.0,1.0,0.0,1.0
1105533488,3.0,4.0,4.0,1.0,4.0,1.0,3.0,2.0,4.0,4.0,3.0,2.0,2.0,1.0,0.0,3.0,2.0,3.0,1.0,1.0,0.0
1125695488,3.0,4.0,4.0,1.0,0.0,4.0,3.0,4.0,3.0,2.0,1.0,3.0,2.0,6.0,1.0,1.0,1.0,0.0,2.0,0.0,1.0
1105533000,3.0,4.0,4.0,1.0,4.0,1.0,3.0,2.0,4.0,4.0,3.0,2.0,2.0,3.0,0.0,3.0,2.0,3.0,2.0,1.0,0.0
1124057760,3.0,4.0,4.0,1.0,0.0,4.0,3.0,4.0,3.0,2.0,1.0,3.0,2.0,1.0,4.0,4.0,4.0,1.0,1.0,0.0,1.0
1125695368,3.0,4.0,4.0,1.0,0.0,4.0,3.0,4.0,3.0,2.0,1.0,3.0,2.0,6.0,1.0,1.0,1.0,0.0,2.0,0.0,1.0
1124316496,3.0,4.0,4.0,1.0,0.0,4.0,3.0,4.0,3.0,2.0,1.0,3.0,2.0,3.0,1.0,1.0,1.0,0.0,1.0,3.0,1.0
1124316376,3.0,4.0,4.0,1.0,0.0,4.0,3.0,4.0,3.0,2.0,1.0,3.0,2.0,3.0,1.0,1.0,1.0,0.0,1.0,0.0,1.0
1124316256,3.0,4.0,4.0,1.0,0.0,4.0,3.0,4.0,3.0,2.0,1.0,3.0,2.0,1.0,1.0,1.0,1.0,0.0,1.0,0.0,1.0
1124316136,3.0,4.0,4.0,1.0,0.0,4.0,3.0,4.0,3.0,2.0,1.0,3.0,2.0,1.0,1.0,1.0,1.0,0.0,1.0,0.0,1.0
1124316008,3.0,4.0,4.0,1.0,0.0,4.0,3.0,4.0,3.0,2.0,1.0,3.0,2.0,1.0,1.0,1.0,1.0,0.0,1.0,0.0,1.0
1125006544,3.0,4.0,4.0,1.0,0.0,4.0,3.0,4.0,3.0,2.0,1.0,3.0,2.0,1.0,1.0,1.0,1.0,0.0,1.0,0.0,1.0
1128451640,3.0,4.0,4.0,1.0,0.0,4.0,3.0,4.0,3.0,2.0,1.0,3.0,2.0,1.0,1.0,1.0,1.0,0.0,2.0,0.0,1.0
1124315648,3.0,4.0,4.0,1.0,0.0,4.0,3.0,4.0,3.0,2.0,1.0,3.0,2.0,1.0,1.0,1.0,1.0,0.0,1.0,0.0,1.0
1124230576,3.0,4.0,4.0,1.0,0.0,4.0,3.0,4.0,3.0,2.0,1.0,3.0,2.0,3.0,1.0,1.0,1.0,0.0,2.0,0.0,1.0
1125006664,3.0,4.0,4.0,1.0,0.0,4.0,3.0,4.0,3.0,2.0,1.0,3.0,2.0,1.0,1.0,1.0,1.0,0.0,1.0,0.0,1.0
1125006792,3.0,4.0,4.0,1.0,0.0,4.0,3.0,4.0,3.0,2.0,1.0,3.0,2.0,3.0,1.0,1.0,1.0,0.0,1.0,0.0,1.0
1124230216,3.0,4.0,4.0,1.0,0.0,4.0,3.0,4.0,3.0,2.0,1.0,3.0,2.0,3.0,1.0,1.0,1.0,0.0,1.0,0.0,1.0
1124230088,3.0,4.0,4.0,1.0,0.0,4.0,3.0,4.0,3.0,2.0,1.0,3.0,2.0,1.0,1.0,1.0,1.0,0.0,1.0,0.0,1.0
1124229968,3.0,4.0,4.0,1.0,0.0,4.0,3.0,4.0,3.0,2.0,1.0,3.0,2.0,1.0,1.0,1.0,1.0,0.0,1.0,0.0,1.0
1125694640,3.0,4.0,4.0,1.0,0.0,4.0,3.0,4.0,3.0,2.0,1.0,3.0,2.0,6.0,1.0,1.0,1.0,0.0,1.0,0.0,1.0
1125695000,3.0,4.0,4.0,1.0,0.0,4.0,3.0,4.0,3.0,2.0,1.0,3.0,2.0,6.0,1.0,1.0,1.0,0.0,1.0,0.0,1.0
1124229600,3.0,4.0,4.0,1.0,0.0,4.0,3.0,4.0,3.0,2.0,1.0,3.0,2.0,1.0,1.0,1.0,1.0,0.0,2.0,0.0,1.0
1124144048,3.0,4.0,4.0,1.0,0.0,4.0,3.0,4.0,3.0,2.0,1.0,3.0,2.0,3.0,1.0,1.0,1.0,0.0,1.0,0.0,1.0
1124143928,3.0,4.0,4.0,1.0,0.0,4.0,3.0,4.0,3.0,2.0,1.0,3.0,2.0,1.0,1.0,1.0,1.0,0.0,1.0,0.0,1.0
1124143808,3.0,4.0,4.0,1.0,0.0,4.0,3.0,4.0,3.0,2.0,1.0,3.0,2.0,1.0,1.0,1.0,1.0,0.0,1.0,0.0,1.0
1124143680,3.0,4.0,4.0,1.0,0.0,4.0,3.0,4.0,3.0,2.0,1.0,3.0,2.0,1.0,1.0,1.0,1.0,0.0,1.0,0.0,1.0
1125695248,3.0,4.0,4.0,1.0,0.0,4.0,3.0,4.0,3.0,2.0,1.0,3.0,2.0,6.0,1.0,1.0,1.0,0.0,2.0,3.0,1.0
1129658912,3.0,4.0,4.0,1.0,0.0,4.0,3.0,4.0,3.0,2.0,1.0,3.0,2.0,6.0,1.0,1.0,1.0,0.0,2.0,0.0,1.0
1129659040,3.0,4.0,4.0,1.0,0.0,4.0,3.0,4.0,3.0,2.0,1.0,3.0,2.0,6.0,1.0,1.0,1.0,0.0,2.0,0.0,1.0
1129659160,3.0,4.0,4.0,1.0,0.0,4.0,3.0,4.0,3.0,2.0,1.0,3.0,2.0,6.0,1.0,1.0,1.0,0.0,2.0,0.0,1.0
1124057888,3.0,4.0,4.0,1.0,0.0,4.0,3.0,4.0,3.0,2.0,1.0,3.0,2.0,3.0,1.0,1.0,1.0,0.0,1.0,0.0,1.0
1104584096,3.0,4.0,4.0,1.0,4.0,1.0,3.0,2.0,4.0,4.0,3.0,2.0,2.0,1.0,0.0,3.0,2.0,3.0,2.0,1.0,0.0
